order_id,customer_id,order_date,payment
685e2b39fc13ae31defa0fbd,685e2a3afc13ae1033fa1183,9/26/2022 22:46:50,6291.67
685e2b39fc13ae31defa0fbe,685e2a3afc13ae1033fa10eb,6/4/2029 04:37:14,9720.82
685e2b39fc13ae31defa0fbf,685e2a3afc13ae1033fa1189,9/22/2047 18:41:49,6871.59
685e2b39fc13ae31defa0fc0,685e2a3afc13ae1033fa103e,4/2/2025 05:12:21,990.16
685e2b39fc13ae31defa0fc1,685e2a3afc13ae1033fa116b,10/2/2027 20:16:34,591.96
685e2b39fc13ae31defa0fc2,685e2a3afc13ae1033fa1199,6/23/2027 11:41:49,495.12
685e2b39fc13ae31defa0fc3,685e2a3afc13ae1033fa1022,2/12/2037 17:21:02,3572.4
685e2b39fc13ae31defa0fc4,685e2a3afc13ae1033fa111d,10/29/2035 03:44:42,5303.72
685e2b39fc13ae31defa0fc5,685e2a3afc13ae1033fa0fbd,7/14/2013 10:46:04,2508.97
685e2b39fc13ae31defa0fc6,685e2a3afc13ae1033fa0fbf,4/21/2002 23:51:05,1086.82
685e2b39fc13ae31defa0fc7,685e2a3afc13ae1033fa10a3,6/23/2014 15:24:53,4403.53
685e2b39fc13ae31defa0fc8,685e2a3afc13ae1033fa1140,11/9/2001 07:31:26,1216.39
685e2b39fc13ae31defa0fc9,685e2a3afc13ae1033fa1035,8/10/2025 03:05:44,4874.33
685e2b39fc13ae31defa0fca,685e2a3afc13ae1033fa1171,10/25/2007 00:29:19,4644.38
685e2b39fc13ae31defa0fcb,685e2a3afc13ae1033fa0fd9,4/24/2028 14:22:55,6240.09
685e2b39fc13ae31defa0fcc,685e2a3afc13ae1033fa1143,9/21/2032 15:42:52,7625.26
685e2b39fc13ae31defa0fcd,685e2a3afc13ae1033fa1123,3/4/2004 03:41:28,4880.59
685e2b39fc13ae31defa0fce,685e2a3afc13ae1033fa106f,11/26/2032 20:41:10,3457.8
685e2b39fc13ae31defa0fcf,685e2a3afc13ae1033fa1130,9/18/2025 01:00:42,7378.12
685e2b39fc13ae31defa0fd0,685e2a3afc13ae1033fa10ab,7/17/2017 06:28:15,6710.51
685e2b39fc13ae31defa0fd1,685e2a3afc13ae1033fa1086,4/8/2002 01:20:42,3404.57
685e2b39fc13ae31defa0fd2,685e2a3afc13ae1033fa0fc0,9/26/2007 22:52:36,6331.63
685e2b39fc13ae31defa0fd3,685e2a3afc13ae1033fa0fe6,12/31/2018 08:21:02,7751.85
685e2b39fc13ae31defa0fd4,685e2a3afc13ae1033fa10ac,3/23/2023 23:49:33,5615.56
685e2b39fc13ae31defa0fd5,685e2a3afc13ae1033fa10c7,5/26/2018 14:08:01,2427.0
685e2b39fc13ae31defa0fd6,685e2a3afc13ae1033fa10e4,11/19/2018 09:07:43,8880.05
685e2b39fc13ae31defa0fd7,685e2a3afc13ae1033fa112c,7/4/2023 01:58:31,3240.98
685e2b39fc13ae31defa0fd8,685e2a3afc13ae1033fa1048,6/8/2045 23:34:30,3593.25
685e2b39fc13ae31defa0fd9,685e2a3afc13ae1033fa1195,3/8/2006 13:09:44,6793.08
685e2b39fc13ae31defa0fda,685e2a3afc13ae1033fa10cb,5/21/2039 21:05:40,1660.97
685e2b39fc13ae31defa0fdb,685e2a3afc13ae1033fa0ffb,1/22/2025 19:49:23,3057.95
685e2b39fc13ae31defa0fdc,685e2a3afc13ae1033fa0fe1,9/8/2050 15:12:57,8353.72
685e2b39fc13ae31defa0fdd,685e2a3afc13ae1033fa0ff6,5/11/2025 05:44:06,8914.15
685e2b39fc13ae31defa0fde,685e2a3afc13ae1033fa1066,11/4/2007 04:16:42,3543.38
685e2b39fc13ae31defa0fdf,685e2a3afc13ae1033fa1162,6/3/2039 15:04:52,9969.5
685e2b39fc13ae31defa0fe0,685e2a3afc13ae1033fa0fd0,11/19/2048 15:41:00,1218.81
685e2b39fc13ae31defa0fe1,685e2a3afc13ae1033fa111e,8/6/2009 19:14:42,2689.32
685e2b39fc13ae31defa0fe2,685e2a3afc13ae1033fa106d,7/27/2018 15:32:43,273.73
685e2b39fc13ae31defa0fe3,685e2a3afc13ae1033fa1038,11/11/2007 08:37:35,8405.14
685e2b39fc13ae31defa0fe4,685e2a3afc13ae1033fa1031,9/9/2043 00:09:07,6317.57
685e2b39fc13ae31defa0fe5,685e2a3afc13ae1033fa112b,4/29/2007 03:36:38,6547.3
685e2b39fc13ae31defa0fe6,685e2a3afc13ae1033fa0ffe,8/9/2049 12:01:57,4514.37
685e2b39fc13ae31defa0fe7,685e2a3afc13ae1033fa0fd5,7/23/2035 12:57:39,1651.25
685e2b39fc13ae31defa0fe8,685e2a3afc13ae1033fa114c,5/23/2001 03:51:36,7423.59
685e2b39fc13ae31defa0fe9,685e2a3afc13ae1033fa106f,1/28/2050 04:42:16,7494.8
685e2b39fc13ae31defa0fea,685e2a3afc13ae1033fa1046,12/6/2030 19:21:03,1371.11
685e2b39fc13ae31defa0feb,685e2a3afc13ae1033fa106a,2/22/2045 03:05:32,745.46
685e2b39fc13ae31defa0fec,685e2a3afc13ae1033fa1120,7/15/2026 12:17:38,585.03
685e2b39fc13ae31defa0fed,685e2a3afc13ae1033fa10c9,5/5/2018 16:11:24,8812.45
685e2b39fc13ae31defa0fee,685e2a3afc13ae1033fa1182,10/29/2019 20:40:15,5660.79
685e2b39fc13ae31defa0fef,685e2a3afc13ae1033fa112f,5/24/2018 07:55:35,6793.1
685e2b39fc13ae31defa0ff0,685e2a3afc13ae1033fa10fa,6/10/2002 21:13:32,3224.09
685e2b39fc13ae31defa0ff1,685e2a3afc13ae1033fa1118,5/29/2033 21:25:52,1560.65
685e2b39fc13ae31defa0ff2,685e2a3afc13ae1033fa0fec,7/18/2038 12:15:47,6245.44
685e2b39fc13ae31defa0ff3,685e2a3afc13ae1033fa1045,5/6/2034 09:35:04,1244.72
685e2b39fc13ae31defa0ff4,685e2a3afc13ae1033fa11aa,12/4/2031 04:12:20,5116.06
685e2b39fc13ae31defa0ff5,685e2a3afc13ae1033fa0fc9,12/29/2005 14:09:50,1859.31
685e2b39fc13ae31defa0ff6,685e2a3afc13ae1033fa1096,11/14/2012 10:11:15,2626.42
685e2b39fc13ae31defa0ff7,685e2a3afc13ae1033fa1111,1/14/2039 02:39:16,9553.88
685e2b39fc13ae31defa0ff8,685e2a3afc13ae1033fa113e,6/7/2024 02:04:34,6807.13
685e2b39fc13ae31defa0ff9,685e2a3afc13ae1033fa1139,5/31/2001 04:52:12,8014.93
685e2b39fc13ae31defa0ffa,685e2a3afc13ae1033fa1148,1/9/2029 19:59:01,1070.27
685e2b39fc13ae31defa0ffb,685e2a3afc13ae1033fa1099,2/26/2028 06:01:47,359.64
685e2b39fc13ae31defa0ffc,685e2a3afc13ae1033fa115a,4/16/2045 00:19:57,459.49
685e2b39fc13ae31defa0ffd,685e2a3afc13ae1033fa1023,3/22/2037 03:32:14,429.57
685e2b39fc13ae31defa0ffe,685e2a3afc13ae1033fa10b3,9/12/2045 04:56:21,4028.75
685e2b39fc13ae31defa0fff,685e2a3afc13ae1033fa0fc2,10/10/2030 09:04:38,9291.63
685e2b39fc13ae31defa1000,685e2a3afc13ae1033fa1076,11/29/2000 22:47:24,8378.55
685e2b39fc13ae31defa1001,685e2a3afc13ae1033fa111f,6/6/2035 16:45:41,2262.7
685e2b39fc13ae31defa1002,685e2a3afc13ae1033fa0ff4,4/6/2037 21:30:49,1133.29
685e2b39fc13ae31defa1003,685e2a3afc13ae1033fa10af,5/9/2035 17:54:42,3632.24
685e2b39fc13ae31defa1004,685e2a3afc13ae1033fa116c,8/24/2036 12:15:55,7196.37
685e2b39fc13ae31defa1005,685e2a3afc13ae1033fa11a8,6/24/2015 01:06:25,6458.55
685e2b39fc13ae31defa1006,685e2a3afc13ae1033fa117e,9/18/2036 16:07:14,4738.91
685e2b39fc13ae31defa1007,685e2a3afc13ae1033fa104f,3/5/2042 23:43:14,7168.31
685e2b39fc13ae31defa1008,685e2a3afc13ae1033fa1198,4/14/2007 09:55:24,2334.04
685e2b39fc13ae31defa1009,685e2a3afc13ae1033fa0fde,7/17/2012 15:07:39,7525.45
685e2b39fc13ae31defa100a,685e2a3afc13ae1033fa1181,8/1/2000 12:07:50,2221.24
685e2b39fc13ae31defa100b,685e2a3afc13ae1033fa114c,2/17/2026 22:13:46,4340.75
685e2b39fc13ae31defa100c,685e2a3afc13ae1033fa11b0,10/3/2032 04:56:22,9414.5
685e2b39fc13ae31defa100d,685e2a3afc13ae1033fa1119,1/31/2011 18:08:04,9894.22
685e2b39fc13ae31defa100e,685e2a3afc13ae1033fa10f9,12/6/2010 03:47:26,6102.54
685e2b39fc13ae31defa100f,685e2a3afc13ae1033fa0fc5,3/17/2019 13:14:24,2886.39
685e2b39fc13ae31defa1010,685e2a3afc13ae1033fa1074,9/4/2008 13:31:35,748.62
685e2b39fc13ae31defa1011,685e2a3afc13ae1033fa0fd6,11/27/2008 17:25:19,257.04
685e2b39fc13ae31defa1012,685e2a3afc13ae1033fa10fd,9/20/2041 04:01:29,1080.74
685e2b39fc13ae31defa1013,685e2a3afc13ae1033fa10a0,11/13/2046 10:14:49,6616.43
685e2b39fc13ae31defa1014,685e2a3afc13ae1033fa102e,9/25/2008 18:06:02,8057.76
685e2b39fc13ae31defa1015,685e2a3afc13ae1033fa10ba,8/22/2038 05:31:58,7227.76
685e2b39fc13ae31defa1016,685e2a3afc13ae1033fa1154,1/11/2020 04:14:22,3270.94
685e2b39fc13ae31defa1017,685e2a3afc13ae1033fa101c,1/18/2008 15:22:19,6405.33
685e2b39fc13ae31defa1018,685e2a3afc13ae1033fa11ac,10/11/2005 03:31:14,8056.49
685e2b39fc13ae31defa1019,685e2a3afc13ae1033fa108d,5/21/2044 09:19:57,6173.43
685e2b39fc13ae31defa101a,685e2a3afc13ae1033fa11b0,9/3/2009 13:37:51,1989.97
685e2b39fc13ae31defa101b,685e2a3afc13ae1033fa11a0,6/16/2013 18:05:17,5170.31
685e2b39fc13ae31defa101c,685e2a3afc13ae1033fa10a3,3/10/2007 12:54:31,620.91
685e2b39fc13ae31defa101d,685e2a3afc13ae1033fa114c,8/22/2032 03:09:42,4735.92
685e2b39fc13ae31defa101e,685e2a3afc13ae1033fa109b,8/19/2010 01:49:45,2924.17
685e2b39fc13ae31defa101f,685e2a3afc13ae1033fa1038,3/24/2026 03:49:27,1784.98
685e2b39fc13ae31defa1020,685e2a3afc13ae1033fa1012,12/5/2019 01:52:03,4649.55
685e2b39fc13ae31defa1021,685e2a3afc13ae1033fa110f,10/25/2040 01:25:03,3123.88
685e2b39fc13ae31defa1022,685e2a3afc13ae1033fa0ff4,4/8/2043 06:01:23,7145.21
685e2b39fc13ae31defa1023,685e2a3afc13ae1033fa1080,5/14/2000 08:42:51,6844.28
685e2b39fc13ae31defa1024,685e2a3afc13ae1033fa1117,3/10/2027 04:02:06,9036.88
685e2b39fc13ae31defa1025,685e2a3afc13ae1033fa0fc8,9/29/2047 01:27:53,9852.87
685e2b39fc13ae31defa1026,685e2a3afc13ae1033fa10ac,1/29/2000 14:03:48,6318.68
685e2b39fc13ae31defa1027,685e2a3afc13ae1033fa105e,10/28/2023 03:57:01,440.53
685e2b39fc13ae31defa1028,685e2a3afc13ae1033fa104d,1/24/2003 14:48:21,440.13
685e2b39fc13ae31defa1029,685e2a3afc13ae1033fa117f,10/29/2022 02:25:34,9506.22
685e2b39fc13ae31defa102a,685e2a3afc13ae1033fa1032,10/10/2033 11:20:51,8496.51
685e2b39fc13ae31defa102b,685e2a3afc13ae1033fa10f4,5/14/2040 01:13:11,6477.26
685e2b39fc13ae31defa102c,685e2a3afc13ae1033fa10b2,7/5/2033 18:53:50,7654.51
685e2b39fc13ae31defa102d,685e2a3afc13ae1033fa1006,3/1/2025 03:26:02,9041.79
685e2b39fc13ae31defa102e,685e2a3afc13ae1033fa105c,1/1/2010 07:00:09,1034.6
685e2b39fc13ae31defa102f,685e2a3afc13ae1033fa11b0,9/23/2030 17:27:59,8802.61
685e2b39fc13ae31defa1030,685e2a3afc13ae1033fa10f4,7/11/2050 09:02:12,9990.15
685e2b39fc13ae31defa1031,685e2a3afc13ae1033fa1066,1/29/2003 12:25:57,4044.31
685e2b39fc13ae31defa1032,685e2a3afc13ae1033fa117b,9/21/2000 18:09:40,7654.47
685e2b39fc13ae31defa1033,685e2a3afc13ae1033fa1042,4/16/2041 03:21:07,3527.22
685e2b39fc13ae31defa1034,685e2a3afc13ae1033fa118b,3/19/2004 11:00:48,5920.26
685e2b39fc13ae31defa1035,685e2a3afc13ae1033fa10e4,2/21/2006 00:20:47,3980.29
685e2b39fc13ae31defa1036,685e2a3afc13ae1033fa1071,1/24/2002 00:05:35,4185.71
685e2b39fc13ae31defa1037,685e2a3afc13ae1033fa105c,9/21/2043 08:23:25,6380.33
685e2b39fc13ae31defa1038,685e2a3afc13ae1033fa0fdd,6/17/2025 17:31:12,8508.21
685e2b39fc13ae31defa1039,685e2a3afc13ae1033fa11a3,8/9/2043 04:15:50,8635.13
685e2b39fc13ae31defa103a,685e2a3afc13ae1033fa10a7,9/25/2026 00:25:24,2610.0
685e2b39fc13ae31defa103b,685e2a3afc13ae1033fa10a1,1/11/2048 20:15:03,8839.19
685e2b39fc13ae31defa103c,685e2a3afc13ae1033fa10c6,4/13/2006 05:38:07,3314.78
685e2b39fc13ae31defa103d,685e2a3afc13ae1033fa1010,6/3/2006 07:08:03,8898.9
685e2b39fc13ae31defa103e,685e2a3afc13ae1033fa1110,10/26/2012 07:44:15,5700.15
685e2b39fc13ae31defa103f,685e2a3afc13ae1033fa102f,6/16/2006 17:50:05,4489.04
685e2b39fc13ae31defa1040,685e2a3afc13ae1033fa10ad,1/8/2003 05:07:46,7668.37
685e2b39fc13ae31defa1041,685e2a3afc13ae1033fa0ff3,1/30/2044 20:45:53,1555.41
685e2b39fc13ae31defa1042,685e2a3afc13ae1033fa116c,6/2/2025 23:14:26,4771.87
685e2b39fc13ae31defa1043,685e2a3afc13ae1033fa104d,10/23/2042 01:54:07,1641.67
685e2b39fc13ae31defa1044,685e2a3afc13ae1033fa1189,5/22/2032 21:47:23,5510.02
685e2b39fc13ae31defa1045,685e2a3afc13ae1033fa0ff3,12/3/2039 20:36:46,7483.13
685e2b39fc13ae31defa1046,685e2a3afc13ae1033fa119d,2/17/2050 11:32:53,2839.73
685e2b39fc13ae31defa1047,685e2a3afc13ae1033fa115b,10/14/2004 11:31:52,3801.47
685e2b39fc13ae31defa1048,685e2a3afc13ae1033fa0fd7,3/6/2030 21:07:31,3797.44
685e2b39fc13ae31defa1049,685e2a3afc13ae1033fa100e,3/24/2000 10:36:34,3578.68
685e2b39fc13ae31defa104a,685e2a3afc13ae1033fa0ffc,2/2/2015 21:43:05,5489.09
685e2b39fc13ae31defa104b,685e2a3afc13ae1033fa1024,4/7/2050 10:22:50,6863.51
685e2b39fc13ae31defa104c,685e2a3afc13ae1033fa0ff3,6/3/2045 18:28:34,5597.02
685e2b39fc13ae31defa104d,685e2a3afc13ae1033fa10d4,4/18/2029 02:40:20,2011.83
685e2b39fc13ae31defa104e,685e2a3afc13ae1033fa119b,1/10/2013 07:50:44,862.06
685e2b39fc13ae31defa104f,685e2a3afc13ae1033fa1029,3/22/2004 21:47:56,8226.0
685e2b39fc13ae31defa1050,685e2a3afc13ae1033fa1015,6/13/2033 21:23:30,3965.58
685e2b39fc13ae31defa1051,685e2a3afc13ae1033fa10e9,1/20/2020 19:19:40,3377.38
685e2b39fc13ae31defa1052,685e2a3afc13ae1033fa10f7,10/18/2047 11:12:10,5516.79
685e2b39fc13ae31defa1053,685e2a3afc13ae1033fa115f,5/24/2033 15:40:18,9074.22
685e2b39fc13ae31defa1054,685e2a3afc13ae1033fa1043,1/16/2020 18:31:54,5779.52
685e2b39fc13ae31defa1055,685e2a3afc13ae1033fa0fd8,8/8/2001 03:25:02,9331.8
685e2b39fc13ae31defa1056,685e2a3afc13ae1033fa102a,1/31/2030 19:33:28,5197.12
685e2b39fc13ae31defa1057,685e2a3afc13ae1033fa100a,11/25/2043 21:32:27,3163.42
685e2b39fc13ae31defa1058,685e2a3afc13ae1033fa1123,8/3/2038 01:32:13,6472.18
685e2b39fc13ae31defa1059,685e2a3afc13ae1033fa114a,5/14/2015 19:52:04,4633.52
685e2b39fc13ae31defa105a,685e2a3afc13ae1033fa1145,7/24/2047 05:42:45,5322.53
685e2b39fc13ae31defa105b,685e2a3afc13ae1033fa105a,4/12/2034 17:50:03,9408.72
685e2b39fc13ae31defa105c,685e2a3afc13ae1033fa110e,9/4/2018 17:20:14,1039.24
685e2b39fc13ae31defa105d,685e2a3afc13ae1033fa106c,1/5/2021 08:22:39,9517.9
685e2b39fc13ae31defa105e,685e2a3afc13ae1033fa0fcf,10/28/2028 10:38:17,5510.11
685e2b39fc13ae31defa105f,685e2a3afc13ae1033fa1017,6/4/2037 19:01:49,1896.76
685e2b39fc13ae31defa1060,685e2a3afc13ae1033fa0ff9,8/9/2003 08:37:03,2767.69
685e2b39fc13ae31defa1061,685e2a3afc13ae1033fa1154,10/17/2009 09:05:17,7602.8
685e2b39fc13ae31defa1062,685e2a3afc13ae1033fa0fcb,5/9/2022 20:55:38,80.3
685e2b39fc13ae31defa1063,685e2a3afc13ae1033fa1165,7/16/2005 03:35:03,3659.48
685e2b39fc13ae31defa1064,685e2a3afc13ae1033fa100d,10/15/2003 19:58:58,4526.94
685e2b39fc13ae31defa1065,685e2a3afc13ae1033fa1049,12/27/2003 22:01:19,9536.69
685e2b39fc13ae31defa1066,685e2a3afc13ae1033fa100c,9/3/2031 14:01:34,5249.75
685e2b39fc13ae31defa1067,685e2a3afc13ae1033fa10bc,6/9/2012 09:28:51,2196.92
685e2b39fc13ae31defa1068,685e2a3afc13ae1033fa10a7,3/19/2021 10:38:14,2757.73
685e2b39fc13ae31defa1069,685e2a3afc13ae1033fa0feb,8/7/2019 07:28:15,9754.56
685e2b39fc13ae31defa106a,685e2a3afc13ae1033fa112f,12/11/2033 20:40:21,4649.1
685e2b39fc13ae31defa106b,685e2a3afc13ae1033fa0fdd,3/28/2036 13:54:46,6082.39
685e2b39fc13ae31defa106c,685e2a3afc13ae1033fa1005,4/19/2034 01:53:14,9851.78
685e2b39fc13ae31defa106d,685e2a3afc13ae1033fa10e3,9/8/2010 05:44:32,294.73
685e2b39fc13ae31defa106e,685e2a3afc13ae1033fa1015,3/19/2046 17:52:38,8850.55
685e2b39fc13ae31defa106f,685e2a3afc13ae1033fa1006,7/20/2009 17:05:10,7172.66
685e2b39fc13ae31defa1070,685e2a3afc13ae1033fa0fe3,10/22/2031 17:16:36,4999.76
685e2b39fc13ae31defa1071,685e2a3afc13ae1033fa0ff4,8/11/2020 05:02:14,7337.76
685e2b39fc13ae31defa1072,685e2a3afc13ae1033fa1121,2/4/2041 05:05:33,713.39
685e2b39fc13ae31defa1073,685e2a3afc13ae1033fa1178,5/26/2046 07:49:42,5053.63
685e2b39fc13ae31defa1074,685e2a3afc13ae1033fa1100,2/6/2024 06:01:22,4951.7
685e2b39fc13ae31defa1075,685e2a3afc13ae1033fa10ff,10/16/2004 07:26:29,7668.47
685e2b39fc13ae31defa1076,685e2a3afc13ae1033fa1095,11/23/2012 13:48:36,8422.63
685e2b39fc13ae31defa1077,685e2a3afc13ae1033fa10e5,11/4/2003 07:18:23,9471.59
685e2b39fc13ae31defa1078,685e2a3afc13ae1033fa10ee,6/10/2046 08:56:15,3129.12
685e2b39fc13ae31defa1079,685e2a3afc13ae1033fa1012,8/21/2021 20:56:29,8538.4
685e2b39fc13ae31defa107a,685e2a3afc13ae1033fa1108,4/24/2034 23:22:50,164.76
685e2b39fc13ae31defa107b,685e2a3afc13ae1033fa107d,7/13/2005 16:19:23,8441.09
685e2b39fc13ae31defa107c,685e2a3afc13ae1033fa10b3,6/6/2034 16:46:39,3825.02
685e2b39fc13ae31defa107d,685e2a3afc13ae1033fa1113,12/14/2036 03:30:15,9740.44
685e2b39fc13ae31defa107e,685e2a3afc13ae1033fa114f,11/27/2047 14:03:05,8986.34
685e2b39fc13ae31defa107f,685e2a3afc13ae1033fa1063,1/7/2039 09:33:33,3300.22
685e2b39fc13ae31defa1080,685e2a3afc13ae1033fa1105,6/5/2033 06:17:36,3660.94
685e2b39fc13ae31defa1081,685e2a3afc13ae1033fa10a7,6/14/2017 19:31:29,7928.88
685e2b39fc13ae31defa1082,685e2a3afc13ae1033fa105f,5/24/2023 17:47:30,1293.91
685e2b39fc13ae31defa1083,685e2a3afc13ae1033fa11ab,2/7/2004 18:23:54,315.05
685e2b39fc13ae31defa1084,685e2a3afc13ae1033fa101d,2/24/2034 16:58:31,9633.24
685e2b39fc13ae31defa1085,685e2a3afc13ae1033fa1160,12/29/2019 14:13:23,838.53
685e2b39fc13ae31defa1086,685e2a3afc13ae1033fa1078,3/2/2013 17:22:12,2342.86
685e2b39fc13ae31defa1087,685e2a3afc13ae1033fa108e,12/14/2043 09:31:21,4336.36
685e2b39fc13ae31defa1088,685e2a3afc13ae1033fa10a8,2/12/2029 08:29:28,3113.69
685e2b39fc13ae31defa1089,685e2a3afc13ae1033fa11a9,9/13/2005 20:26:08,9275.69
685e2b39fc13ae31defa108a,685e2a3afc13ae1033fa1197,11/9/2013 21:33:59,2484.28
685e2b39fc13ae31defa108b,685e2a3afc13ae1033fa113a,4/2/2035 01:57:27,7586.55
685e2b39fc13ae31defa108c,685e2a3afc13ae1033fa1168,6/8/2038 05:27:44,2725.39
685e2b39fc13ae31defa108d,685e2a3afc13ae1033fa1162,3/27/2030 13:39:00,9963.43
685e2b39fc13ae31defa108e,685e2a3afc13ae1033fa10e4,11/2/2030 00:52:37,8029.52
685e2b39fc13ae31defa108f,685e2a3afc13ae1033fa103f,4/6/2048 07:19:22,3429.62
685e2b39fc13ae31defa1090,685e2a3afc13ae1033fa1158,3/10/2036 18:00:45,909.1
685e2b39fc13ae31defa1091,685e2a3afc13ae1033fa1140,9/9/2035 21:10:24,2071.07
685e2b39fc13ae31defa1092,685e2a3afc13ae1033fa1186,4/14/2002 23:17:39,3209.9
685e2b39fc13ae31defa1093,685e2a3afc13ae1033fa1118,9/19/2047 06:59:54,5033.82
685e2b39fc13ae31defa1094,685e2a3afc13ae1033fa1058,7/20/2033 08:00:23,7490.48
685e2b39fc13ae31defa1095,685e2a3afc13ae1033fa0fca,9/4/2029 20:52:26,7203.2
685e2b39fc13ae31defa1096,685e2a3afc13ae1033fa111c,5/21/2028 14:29:02,9383.92
685e2b39fc13ae31defa1097,685e2a3afc13ae1033fa1118,4/14/2050 17:49:33,8498.3
685e2b39fc13ae31defa1098,685e2a3afc13ae1033fa108c,6/23/2044 08:01:19,9087.47
685e2b39fc13ae31defa1099,685e2a3afc13ae1033fa10bc,1/11/2006 22:37:41,1595.03
685e2b39fc13ae31defa109a,685e2a3afc13ae1033fa11b0,12/3/2017 14:21:20,2563.59
685e2b39fc13ae31defa109b,685e2a3afc13ae1033fa1106,9/13/2003 18:04:59,9398.91
685e2b39fc13ae31defa109c,685e2a3afc13ae1033fa10ab,11/6/2043 14:20:30,6238.74
685e2b39fc13ae31defa109d,685e2a3afc13ae1033fa10f0,4/9/2017 08:10:22,9640.71
685e2b39fc13ae31defa109e,685e2a3afc13ae1033fa1064,12/12/2008 13:23:18,164.66
685e2b39fc13ae31defa109f,685e2a3afc13ae1033fa0ffa,2/22/2029 00:09:36,9765.58
685e2b39fc13ae31defa10a0,685e2a3afc13ae1033fa10d3,5/26/2016 11:25:40,3520.94
685e2b39fc13ae31defa10a1,685e2a3afc13ae1033fa10f4,6/9/2019 04:25:05,8495.11
685e2b39fc13ae31defa10a2,685e2a3afc13ae1033fa1056,6/1/2026 02:17:14,3399.05
685e2b39fc13ae31defa10a3,685e2a3afc13ae1033fa1097,4/19/2015 18:16:13,5501.29
685e2b39fc13ae31defa10a4,685e2a3afc13ae1033fa10f6,5/4/2026 22:36:26,3998.24
685e2b39fc13ae31defa10a5,685e2a3afc13ae1033fa10a4,10/22/2043 23:43:35,7405.01
685e2b39fc13ae31defa10a6,685e2a3afc13ae1033fa1075,6/25/2005 17:54:06,9898.62
685e2b39fc13ae31defa10a7,685e2a3afc13ae1033fa1110,1/16/2033 04:24:08,2114.68
685e2b39fc13ae31defa10a8,685e2a3afc13ae1033fa0ff7,5/8/2017 15:47:43,1563.35
685e2b39fc13ae31defa10a9,685e2a3afc13ae1033fa100f,7/16/2008 09:59:44,4615.22
685e2b39fc13ae31defa10aa,685e2a3afc13ae1033fa119d,10/20/2021 17:28:36,3983.46
685e2b39fc13ae31defa10ab,685e2a3afc13ae1033fa10a7,8/29/2044 12:11:28,6077.79
685e2b39fc13ae31defa10ac,685e2a3afc13ae1033fa117e,10/15/2034 20:43:21,5167.8
685e2b39fc13ae31defa10ad,685e2a3afc13ae1033fa10fe,8/17/2033 17:53:22,5042.18
685e2b39fc13ae31defa10ae,685e2a3afc13ae1033fa1087,7/18/2027 19:56:06,2122.79
685e2b39fc13ae31defa10af,685e2a3afc13ae1033fa1094,1/9/2011 07:10:43,8408.52
685e2b39fc13ae31defa10b0,685e2a3afc13ae1033fa115c,11/9/2026 14:57:43,8453.38
685e2b39fc13ae31defa10b1,685e2a3afc13ae1033fa10d4,10/24/2012 18:44:21,3626.42
685e2b39fc13ae31defa10b2,685e2a3afc13ae1033fa10e8,2/14/2033 19:12:12,164.6
685e2b39fc13ae31defa10b3,685e2a3afc13ae1033fa10ea,11/30/2042 17:05:19,4954.49
685e2b39fc13ae31defa10b4,685e2a3afc13ae1033fa1087,2/22/2034 23:46:10,4079.3
685e2b39fc13ae31defa10b5,685e2a3afc13ae1033fa1087,9/5/2021 16:08:50,5531.28
685e2b39fc13ae31defa10b6,685e2a3afc13ae1033fa1190,1/4/2039 09:58:31,2415.63
685e2b39fc13ae31defa10b7,685e2a3afc13ae1033fa111d,11/15/2039 14:53:51,2390.89
685e2b39fc13ae31defa10b8,685e2a3afc13ae1033fa1099,3/4/2043 23:06:54,9054.46
685e2b39fc13ae31defa10b9,685e2a3afc13ae1033fa1068,8/9/2025 21:43:25,6238.38
685e2b39fc13ae31defa10ba,685e2a3afc13ae1033fa1130,6/28/2034 01:29:57,3014.16
685e2b39fc13ae31defa10bb,685e2a3afc13ae1033fa11a6,5/30/2001 07:41:55,3091.01
685e2b39fc13ae31defa10bc,685e2a3afc13ae1033fa1183,3/30/2006 12:23:48,3907.29
685e2b39fc13ae31defa10bd,685e2a3afc13ae1033fa1190,1/12/2047 02:04:43,6374.46
685e2b39fc13ae31defa10be,685e2a3afc13ae1033fa0fed,10/17/2036 19:27:25,5809.2
685e2b39fc13ae31defa10bf,685e2a3afc13ae1033fa10ea,1/31/2030 08:38:58,5235.65
685e2b39fc13ae31defa10c0,685e2a3afc13ae1033fa1111,4/11/2033 03:11:12,4951.04
685e2b39fc13ae31defa10c1,685e2a3afc13ae1033fa0ffa,1/26/2029 04:05:45,9630.98
685e2b39fc13ae31defa10c2,685e2a3afc13ae1033fa10c0,12/19/2041 04:34:08,4001.55
685e2b39fc13ae31defa10c3,685e2a3afc13ae1033fa104a,9/29/2017 09:17:11,2268.9
685e2b39fc13ae31defa10c4,685e2a3afc13ae1033fa0ffe,6/23/2023 12:55:44,2491.41
685e2b39fc13ae31defa10c5,685e2a3afc13ae1033fa102f,2/12/2033 11:21:22,3894.91
685e2b39fc13ae31defa10c6,685e2a3afc13ae1033fa0fe7,1/12/2035 20:13:53,3802.85
685e2b39fc13ae31defa10c7,685e2a3afc13ae1033fa10ca,8/21/2032 06:58:36,3048.56
685e2b39fc13ae31defa10c8,685e2a3afc13ae1033fa0ffd,3/11/2032 14:58:52,7920.55
685e2b39fc13ae31defa10c9,685e2a3afc13ae1033fa102c,3/31/2013 09:56:33,2894.35
685e2b39fc13ae31defa10ca,685e2a3afc13ae1033fa1032,9/6/2045 05:16:15,1896.55
685e2b39fc13ae31defa10cb,685e2a3afc13ae1033fa1122,10/22/2037 03:05:48,4770.1
685e2b39fc13ae31defa10cc,685e2a3afc13ae1033fa114d,7/8/2030 19:56:59,6385.47
685e2b39fc13ae31defa10cd,685e2a3afc13ae1033fa1140,3/19/2049 15:13:04,8683.33
685e2b39fc13ae31defa10ce,685e2a3afc13ae1033fa1083,3/26/2027 02:55:59,3047.26
685e2b39fc13ae31defa10cf,685e2a3afc13ae1033fa113e,4/13/2009 22:51:20,9246.94
685e2b39fc13ae31defa10d0,685e2a3afc13ae1033fa0ff5,10/28/2031 14:48:17,341.17
685e2b39fc13ae31defa10d1,685e2a3afc13ae1033fa10cb,9/12/2043 01:10:38,8868.81
685e2b39fc13ae31defa10d2,685e2a3afc13ae1033fa10ce,9/23/2034 23:29:04,9974.39
685e2b39fc13ae31defa10d3,685e2a3afc13ae1033fa1014,2/17/2006 16:20:41,2023.69
685e2b39fc13ae31defa10d4,685e2a3afc13ae1033fa1091,8/25/2019 22:41:34,9704.32
685e2b39fc13ae31defa10d5,685e2a3afc13ae1033fa106b,9/6/2050 08:52:13,2633.47
685e2b39fc13ae31defa10d6,685e2a3afc13ae1033fa10d6,5/18/2036 02:09:52,927.97
685e2b39fc13ae31defa10d7,685e2a3afc13ae1033fa10bd,5/11/2013 00:29:21,4277.49
685e2b39fc13ae31defa10d8,685e2a3afc13ae1033fa10aa,2/18/2050 15:14:26,4310.56
685e2b39fc13ae31defa10d9,685e2a3afc13ae1033fa10ae,1/5/2040 14:44:08,2097.02
685e2b39fc13ae31defa10da,685e2a3afc13ae1033fa1110,4/17/2024 21:18:51,8705.56
685e2b39fc13ae31defa10db,685e2a3afc13ae1033fa1126,6/25/2018 13:58:40,6551.47
685e2b39fc13ae31defa10dc,685e2a3afc13ae1033fa0fbf,1/1/2036 02:25:01,5235.79
685e2b39fc13ae31defa10dd,685e2a3afc13ae1033fa1183,7/17/2011 19:27:03,974.06
685e2b39fc13ae31defa10de,685e2a3afc13ae1033fa0feb,6/8/2022 18:32:41,8229.32
685e2b39fc13ae31defa10df,685e2a3afc13ae1033fa10be,6/23/2006 00:11:16,6518.88
685e2b39fc13ae31defa10e0,685e2a3afc13ae1033fa0ff0,10/30/2048 18:34:33,1774.29
685e2b39fc13ae31defa10e1,685e2a3afc13ae1033fa108b,3/29/2014 22:23:11,5687.85
685e2b39fc13ae31defa10e2,685e2a3afc13ae1033fa10f0,3/8/2039 16:58:37,987.86
685e2b39fc13ae31defa10e3,685e2a3afc13ae1033fa1010,5/30/2042 18:55:32,9957.29
685e2b39fc13ae31defa10e4,685e2a3afc13ae1033fa1194,1/13/2004 23:57:14,7188.59
685e2b39fc13ae31defa10e5,685e2a3afc13ae1033fa1092,3/3/2004 14:44:48,9372.46
685e2b39fc13ae31defa10e6,685e2a3afc13ae1033fa1126,11/11/2029 01:06:03,252.76
685e2b39fc13ae31defa10e7,685e2a3afc13ae1033fa0ff1,9/19/2031 17:46:20,6378.14
685e2b39fc13ae31defa10e8,685e2a3afc13ae1033fa10d4,5/12/2001 10:24:28,9148.03
685e2b39fc13ae31defa10e9,685e2a3afc13ae1033fa1071,11/5/2036 21:22:35,6687.97
685e2b39fc13ae31defa10ea,685e2a3afc13ae1033fa1134,7/22/2045 00:46:59,4213.42
685e2b39fc13ae31defa10eb,685e2a3afc13ae1033fa117d,8/25/2016 21:31:17,8464.24
685e2b39fc13ae31defa10ec,685e2a3afc13ae1033fa105a,1/13/2022 16:52:45,6117.68
685e2b39fc13ae31defa10ed,685e2a3afc13ae1033fa1037,8/3/2032 08:17:57,2439.22
685e2b39fc13ae31defa10ee,685e2a3afc13ae1033fa0fc6,9/4/2019 17:09:24,2107.29
685e2b39fc13ae31defa10ef,685e2a3afc13ae1033fa102e,1/5/2002 17:05:54,7155.7
685e2b39fc13ae31defa10f0,685e2a3afc13ae1033fa1161,10/16/2031 10:27:04,3405.47
685e2b39fc13ae31defa10f1,685e2a3afc13ae1033fa10e4,10/15/2043 12:35:10,6050.84
685e2b39fc13ae31defa10f2,685e2a3afc13ae1033fa1014,8/27/2029 17:30:07,667.93
685e2b39fc13ae31defa10f3,685e2a3afc13ae1033fa1173,6/7/2007 02:40:41,6421.36
685e2b39fc13ae31defa10f4,685e2a3afc13ae1033fa110a,3/28/2045 17:01:30,2877.69
685e2b39fc13ae31defa10f5,685e2a3afc13ae1033fa0fc1,6/23/2000 06:10:16,7588.85
685e2b39fc13ae31defa10f6,685e2a3afc13ae1033fa1043,9/29/2029 18:55:22,1511.43
685e2b39fc13ae31defa10f7,685e2a3afc13ae1033fa1085,2/11/2029 10:27:14,5542.94
685e2b39fc13ae31defa10f8,685e2a3afc13ae1033fa109f,3/16/2020 08:45:31,4916.24
685e2b39fc13ae31defa10f9,685e2a3afc13ae1033fa1151,1/31/2003 17:30:43,5202.4
685e2b39fc13ae31defa10fa,685e2a3afc13ae1033fa108e,6/15/2011 11:24:23,2338.41
685e2b39fc13ae31defa10fb,685e2a3afc13ae1033fa0fc7,9/11/2047 08:50:00,4631.64
685e2b39fc13ae31defa10fc,685e2a3afc13ae1033fa103b,9/8/2030 19:42:34,528.26
685e2b39fc13ae31defa10fd,685e2a3afc13ae1033fa11ab,1/23/2017 22:48:55,4758.14
685e2b39fc13ae31defa10fe,685e2a3afc13ae1033fa0ffe,7/29/2027 19:49:08,5592.46
685e2b39fc13ae31defa10ff,685e2a3afc13ae1033fa1014,8/2/2046 16:33:29,1389.19
685e2b39fc13ae31defa1100,685e2a3afc13ae1033fa103c,12/30/2043 11:01:38,6271.01
685e2b39fc13ae31defa1101,685e2a3afc13ae1033fa1199,7/10/2008 15:12:25,6983.08
685e2b39fc13ae31defa1102,685e2a3afc13ae1033fa103b,9/30/2019 20:30:21,5646.21
685e2b39fc13ae31defa1103,685e2a3afc13ae1033fa10ec,9/18/2028 03:57:27,5403.07
685e2b39fc13ae31defa1104,685e2a3afc13ae1033fa10f9,12/12/2047 15:10:39,302.67
685e2b39fc13ae31defa1105,685e2a3afc13ae1033fa0fde,10/5/2020 15:29:13,6213.01
685e2b39fc13ae31defa1106,685e2a3afc13ae1033fa1086,4/11/2005 03:01:24,5863.48
685e2b39fc13ae31defa1107,685e2a3afc13ae1033fa1056,3/11/2003 13:51:38,1948.51
685e2b39fc13ae31defa1108,685e2a3afc13ae1033fa10d0,12/14/2000 17:07:41,5634.59
685e2b39fc13ae31defa1109,685e2a3afc13ae1033fa10d1,3/8/2023 04:59:18,9218.69
685e2b39fc13ae31defa110a,685e2a3afc13ae1033fa10b2,6/1/2045 07:35:39,666.13
685e2b39fc13ae31defa110b,685e2a3afc13ae1033fa11a2,8/24/2014 13:26:12,4474.8
685e2b39fc13ae31defa110c,685e2a3afc13ae1033fa10aa,4/18/2025 02:39:14,9335.44
685e2b39fc13ae31defa110d,685e2a3afc13ae1033fa11a2,6/13/2014 21:45:10,290.24
685e2b39fc13ae31defa110e,685e2a3afc13ae1033fa0ff2,7/13/2005 03:02:05,501.42
685e2b39fc13ae31defa110f,685e2a3afc13ae1033fa1154,10/19/2019 19:11:53,6295.08
685e2b39fc13ae31defa1110,685e2a3afc13ae1033fa104e,5/6/2005 20:49:57,3986.54
685e2b39fc13ae31defa1111,685e2a3afc13ae1033fa104e,11/27/2014 01:43:28,5279.43
685e2b39fc13ae31defa1112,685e2a3afc13ae1033fa1141,8/9/2009 16:12:30,821.3
685e2b39fc13ae31defa1113,685e2a3afc13ae1033fa1178,8/22/2007 06:46:04,9987.82
685e2b39fc13ae31defa1114,685e2a3afc13ae1033fa1102,1/1/2035 07:42:15,3687.88
685e2b39fc13ae31defa1115,685e2a3afc13ae1033fa0fbf,6/2/2046 15:51:34,1697.52
685e2b39fc13ae31defa1116,685e2a3afc13ae1033fa0fc4,8/17/2036 17:16:47,5112.62
685e2b39fc13ae31defa1117,685e2a3afc13ae1033fa101c,11/10/2020 21:02:10,4761.87
685e2b39fc13ae31defa1118,685e2a3afc13ae1033fa10a9,10/28/2035 05:25:27,6773.46
685e2b39fc13ae31defa1119,685e2a3afc13ae1033fa10bc,3/10/2014 00:42:25,9542.52
685e2b39fc13ae31defa111a,685e2a3afc13ae1033fa0ffd,6/23/2005 22:11:47,5928.83
685e2b39fc13ae31defa111b,685e2a3afc13ae1033fa100f,5/26/2027 13:01:25,7538.15
685e2b39fc13ae31defa111c,685e2a3afc13ae1033fa1012,4/11/2049 03:22:18,2849.39
685e2b39fc13ae31defa111d,685e2a3afc13ae1033fa0fc1,1/8/2030 21:07:00,3899.7
685e2b39fc13ae31defa111e,685e2a3afc13ae1033fa10eb,5/23/2000 06:56:06,6401.76
685e2b39fc13ae31defa111f,685e2a3afc13ae1033fa107d,11/22/2036 21:43:51,2456.24
685e2b39fc13ae31defa1120,685e2a3afc13ae1033fa0fca,8/2/2038 10:33:42,7177.52
685e2b39fc13ae31defa1121,685e2a3afc13ae1033fa1019,12/27/2028 16:19:07,4190.11
685e2b39fc13ae31defa1122,685e2a3afc13ae1033fa10c2,7/28/2040 05:21:51,7769.68
685e2b39fc13ae31defa1123,685e2a3afc13ae1033fa1068,11/19/2026 14:26:02,7260.09
685e2b39fc13ae31defa1124,685e2a3afc13ae1033fa103c,10/21/2030 19:24:14,837.58
685e2b39fc13ae31defa1125,685e2a3afc13ae1033fa113b,10/18/2013 01:09:33,6910.43
685e2b39fc13ae31defa1126,685e2a3afc13ae1033fa10c7,11/25/2032 18:05:04,1700.56
685e2b39fc13ae31defa1127,685e2a3afc13ae1033fa0ffc,4/14/2002 06:17:36,734.33
685e2b39fc13ae31defa1128,685e2a3afc13ae1033fa102c,5/22/2023 06:10:09,3276.95
685e2b39fc13ae31defa1129,685e2a3afc13ae1033fa10f8,9/25/2009 22:48:05,134.92
685e2b39fc13ae31defa112a,685e2a3afc13ae1033fa10d7,12/26/2050 19:18:39,5122.92
685e2b39fc13ae31defa112b,685e2a3afc13ae1033fa109b,7/15/2020 08:44:56,4399.83
685e2b39fc13ae31defa112c,685e2a3afc13ae1033fa0ffd,1/7/2050 05:08:03,6366.58
685e2b39fc13ae31defa112d,685e2a3afc13ae1033fa110f,5/30/2031 05:05:56,6101.36
685e2b39fc13ae31defa112e,685e2a3afc13ae1033fa1171,5/25/2009 00:37:25,5957.35
685e2b39fc13ae31defa112f,685e2a3afc13ae1033fa1031,5/23/2042 03:51:00,9970.27
685e2b39fc13ae31defa1130,685e2a3afc13ae1033fa1141,3/19/2007 05:39:44,4722.81
685e2b39fc13ae31defa1131,685e2a3afc13ae1033fa0fd9,6/13/2027 00:47:16,6199.08
685e2b39fc13ae31defa1132,685e2a3afc13ae1033fa102f,9/3/2016 14:51:39,1073.77
685e2b39fc13ae31defa1133,685e2a3afc13ae1033fa1113,4/23/2013 09:39:47,345.6
685e2b39fc13ae31defa1134,685e2a3afc13ae1033fa10cd,8/22/2028 02:18:23,1144.37
685e2b39fc13ae31defa1135,685e2a3afc13ae1033fa0fed,6/13/2020 03:22:02,2310.72
685e2b39fc13ae31defa1136,685e2a3afc13ae1033fa1005,12/7/2047 22:10:07,2415.45
685e2b39fc13ae31defa1137,685e2a3afc13ae1033fa1118,11/24/2046 04:14:16,4916.69
685e2b39fc13ae31defa1138,685e2a3afc13ae1033fa0fcd,1/10/2002 02:08:31,9632.97
685e2b39fc13ae31defa1139,685e2a3afc13ae1033fa10c2,12/17/2016 18:36:31,7644.67
685e2b39fc13ae31defa113a,685e2a3afc13ae1033fa10e1,11/23/2048 09:10:13,9868.63
685e2b39fc13ae31defa113b,685e2a3afc13ae1033fa1059,5/13/2034 18:32:40,8918.38
685e2b39fc13ae31defa113c,685e2a3afc13ae1033fa10f4,12/31/2017 21:03:27,596.04
685e2b39fc13ae31defa113d,685e2a3afc13ae1033fa1056,5/26/2014 13:17:27,7066.53
685e2b39fc13ae31defa113e,685e2a3afc13ae1033fa0fe8,5/24/2033 19:21:13,3919.97
685e2b39fc13ae31defa113f,685e2a3afc13ae1033fa1191,9/14/2018 10:29:44,5279.24
685e2b39fc13ae31defa1140,685e2a3afc13ae1033fa0fe4,9/29/2042 20:04:01,7335.04
685e2b39fc13ae31defa1141,685e2a3afc13ae1033fa1048,4/3/2000 09:38:26,8734.06
685e2b39fc13ae31defa1142,685e2a3afc13ae1033fa1099,7/23/2025 15:13:06,3356.87
685e2b39fc13ae31defa1143,685e2a3afc13ae1033fa1131,6/17/2030 15:08:46,5160.02
685e2b39fc13ae31defa1144,685e2a3afc13ae1033fa1087,5/2/2050 01:50:07,6210.03
685e2b39fc13ae31defa1145,685e2a3afc13ae1033fa0fe2,5/29/2002 06:32:24,1530.42
685e2b39fc13ae31defa1146,685e2a3afc13ae1033fa10c8,6/25/2044 06:31:33,6587.43
685e2b39fc13ae31defa1147,685e2a3afc13ae1033fa1043,8/11/2032 19:21:46,4277.0
685e2b39fc13ae31defa1148,685e2a3afc13ae1033fa115f,2/12/2037 23:55:30,8286.37
685e2b39fc13ae31defa1149,685e2a3afc13ae1033fa1163,1/2/2028 22:37:37,8907.15
685e2b39fc13ae31defa114a,685e2a3afc13ae1033fa1062,11/18/2004 12:08:11,7762.88
685e2b39fc13ae31defa114b,685e2a3afc13ae1033fa112e,2/24/2018 19:32:00,1321.88
685e2b39fc13ae31defa114c,685e2a3afc13ae1033fa1066,4/17/2045 19:54:34,525.61
685e2b39fc13ae31defa114d,685e2a3afc13ae1033fa102d,6/15/2030 18:04:53,9108.8
685e2b39fc13ae31defa114e,685e2a3afc13ae1033fa1066,9/7/2002 05:21:37,5612.79
685e2b39fc13ae31defa114f,685e2a3afc13ae1033fa1045,7/13/2047 08:35:23,6020.62
685e2b39fc13ae31defa1150,685e2a3afc13ae1033fa0fdc,1/29/2048 09:20:14,4611.35
685e2b39fc13ae31defa1151,685e2a3afc13ae1033fa10f9,7/9/2002 11:35:09,5456.89
685e2b39fc13ae31defa1152,685e2a3afc13ae1033fa11a3,11/7/2042 15:34:53,7536.38
685e2b39fc13ae31defa1153,685e2a3afc13ae1033fa1137,5/18/2047 02:59:40,7762.91
685e2b39fc13ae31defa1154,685e2a3afc13ae1033fa1018,7/18/2024 16:41:54,1093.03
685e2b39fc13ae31defa1155,685e2a3afc13ae1033fa1155,7/11/2020 13:33:40,7871.82
685e2b39fc13ae31defa1156,685e2a3afc13ae1033fa1134,9/20/2046 03:10:09,1914.82
685e2b39fc13ae31defa1157,685e2a3afc13ae1033fa0fd5,6/13/2016 19:17:33,9570.28
685e2b39fc13ae31defa1158,685e2a3afc13ae1033fa119c,11/17/2036 04:13:21,3935.58
685e2b39fc13ae31defa1159,685e2a3afc13ae1033fa103f,3/3/2034 09:50:59,9953.84
685e2b39fc13ae31defa115a,685e2a3afc13ae1033fa119d,3/14/2021 01:09:38,2606.28
685e2b39fc13ae31defa115b,685e2a3afc13ae1033fa10bf,11/28/2038 07:32:07,5952.72
685e2b39fc13ae31defa115c,685e2a3afc13ae1033fa1045,6/11/2013 14:04:23,5626.07
685e2b39fc13ae31defa115d,685e2a3afc13ae1033fa1072,1/26/2027 14:18:12,8866.05
685e2b39fc13ae31defa115e,685e2a3afc13ae1033fa11ae,12/8/2040 10:27:54,9527.62
685e2b39fc13ae31defa115f,685e2a3afc13ae1033fa0fe7,11/3/2047 04:31:48,1679.23
685e2b39fc13ae31defa1160,685e2a3afc13ae1033fa1139,3/4/2034 11:19:30,7486.09
685e2b39fc13ae31defa1161,685e2a3afc13ae1033fa1095,4/13/2012 20:57:12,3777.57
685e2b39fc13ae31defa1162,685e2a3afc13ae1033fa103d,4/11/2008 12:12:36,4713.02
685e2b39fc13ae31defa1163,685e2a3afc13ae1033fa105e,10/18/2029 09:08:38,8913.44
685e2b39fc13ae31defa1164,685e2a3afc13ae1033fa10ab,12/14/2006 16:43:40,3992.87
685e2b39fc13ae31defa1165,685e2a3afc13ae1033fa1135,8/1/2006 07:45:19,2036.46
685e2b39fc13ae31defa1166,685e2a3afc13ae1033fa1105,3/18/2033 01:04:18,6500.31
685e2b39fc13ae31defa1167,685e2a3afc13ae1033fa10fe,10/5/2045 05:42:28,2784.71
685e2b39fc13ae31defa1168,685e2a3afc13ae1033fa10cb,10/29/2019 16:34:11,6089.85
685e2b39fc13ae31defa1169,685e2a3afc13ae1033fa1003,4/14/2031 05:12:49,799.27
685e2b39fc13ae31defa116a,685e2a3afc13ae1033fa1131,1/22/2025 13:21:39,7092.98
685e2b39fc13ae31defa116b,685e2a3afc13ae1033fa10c0,5/20/2020 10:20:04,594.16
685e2b39fc13ae31defa116c,685e2a3afc13ae1033fa108d,12/11/2048 05:37:57,5487.34
685e2b39fc13ae31defa116d,685e2a3afc13ae1033fa1033,12/18/2038 09:41:05,1281.36
685e2b39fc13ae31defa116e,685e2a3afc13ae1033fa0fce,2/20/2032 01:50:14,7736.0
685e2b39fc13ae31defa116f,685e2a3afc13ae1033fa113d,6/21/2029 00:59:15,3131.46
685e2b39fc13ae31defa1170,685e2a3afc13ae1033fa10f5,4/23/2024 08:02:56,8097.52
685e2b39fc13ae31defa1171,685e2a3afc13ae1033fa1057,5/21/2041 18:12:16,9645.72
685e2b39fc13ae31defa1172,685e2a3afc13ae1033fa1168,12/10/2026 13:56:47,3162.62
685e2b39fc13ae31defa1173,685e2a3afc13ae1033fa1063,7/26/2003 11:50:08,864.9
685e2b39fc13ae31defa1174,685e2a3afc13ae1033fa1184,12/8/2014 14:02:07,2463.42
685e2b39fc13ae31defa1175,685e2a3afc13ae1033fa0fed,6/24/2014 05:23:31,9517.69
685e2b39fc13ae31defa1176,685e2a3afc13ae1033fa1020,5/4/2048 15:03:19,6636.76
685e2b39fc13ae31defa1177,685e2a3afc13ae1033fa1113,1/25/2014 12:50:31,3387.56
685e2b39fc13ae31defa1178,685e2a3afc13ae1033fa1041,10/7/2032 00:44:09,3731.87
685e2b39fc13ae31defa1179,685e2a3afc13ae1033fa1182,8/19/2033 12:33:27,1966.94
685e2b39fc13ae31defa117a,685e2a3afc13ae1033fa1004,7/9/2024 22:06:03,568.76
685e2b39fc13ae31defa117b,685e2a3afc13ae1033fa1110,5/10/2049 10:26:10,2419.29
685e2b39fc13ae31defa117c,685e2a3afc13ae1033fa1131,3/28/2046 09:28:43,5413.67
685e2b39fc13ae31defa117d,685e2a3afc13ae1033fa10d6,3/19/2044 03:51:16,6392.43
685e2b39fc13ae31defa117e,685e2a3afc13ae1033fa10ed,12/22/2045 17:08:45,9745.36
685e2b39fc13ae31defa117f,685e2a3afc13ae1033fa115f,10/14/2020 14:58:08,2553.08
685e2b39fc13ae31defa1180,685e2a3afc13ae1033fa104c,5/16/2012 17:40:38,2679.73
685e2b39fc13ae31defa1181,685e2a3afc13ae1033fa1074,8/26/2000 00:45:03,2561.7
685e2b39fc13ae31defa1182,685e2a3afc13ae1033fa1058,2/24/2035 05:31:24,1196.65
685e2b39fc13ae31defa1183,685e2a3afc13ae1033fa116b,8/13/2045 23:04:46,2934.3
685e2b39fc13ae31defa1184,685e2a3afc13ae1033fa1113,1/5/2021 10:46:24,360.05
685e2b39fc13ae31defa1185,685e2a3afc13ae1033fa102a,12/3/2020 14:32:00,5971.11
685e2b39fc13ae31defa1186,685e2a3afc13ae1033fa118e,4/26/2047 17:51:55,2906.45
685e2b39fc13ae31defa1187,685e2a3afc13ae1033fa1170,9/15/2001 15:23:50,4745.98
685e2b39fc13ae31defa1188,685e2a3afc13ae1033fa1132,7/7/2015 17:29:55,5822.61
685e2b39fc13ae31defa1189,685e2a3afc13ae1033fa1114,3/16/2022 04:38:35,1663.27
685e2b39fc13ae31defa118a,685e2a3afc13ae1033fa1130,2/24/2044 12:49:48,6729.59
685e2b39fc13ae31defa118b,685e2a3afc13ae1033fa104d,9/13/2045 03:15:10,1611.23
685e2b39fc13ae31defa118c,685e2a3afc13ae1033fa1146,2/29/2040 01:30:15,727.85
685e2b39fc13ae31defa118d,685e2a3afc13ae1033fa103c,1/3/2001 23:08:11,2088.74
685e2b39fc13ae31defa118e,685e2a3afc13ae1033fa118b,1/16/2023 01:45:58,428.71
685e2b39fc13ae31defa118f,685e2a3afc13ae1033fa114a,10/15/2020 04:51:33,5997.29
685e2b39fc13ae31defa1190,685e2a3afc13ae1033fa1097,6/28/2020 15:08:28,2782.12
685e2b39fc13ae31defa1191,685e2a3afc13ae1033fa0fee,9/27/2013 10:47:12,133.53
685e2b39fc13ae31defa1192,685e2a3afc13ae1033fa1004,11/25/2050 09:42:57,2634.61
685e2b39fc13ae31defa1193,685e2a3afc13ae1033fa10aa,8/1/2017 05:59:27,5336.73
685e2b39fc13ae31defa1194,685e2a3afc13ae1033fa0fbd,5/19/2032 07:40:30,8692.59
685e2b39fc13ae31defa1195,685e2a3afc13ae1033fa1031,12/13/2013 22:21:22,9540.48
685e2b39fc13ae31defa1196,685e2a3afc13ae1033fa102a,6/17/2036 19:02:51,6098.45
685e2b39fc13ae31defa1197,685e2a3afc13ae1033fa0fff,5/14/2049 18:32:42,3232.29
685e2b39fc13ae31defa1198,685e2a3afc13ae1033fa10ff,1/24/2029 08:49:20,5240.36
685e2b39fc13ae31defa1199,685e2a3afc13ae1033fa1128,11/28/2020 01:42:17,701.82
685e2b39fc13ae31defa119a,685e2a3afc13ae1033fa1134,9/26/2008 09:30:33,6802.72
685e2b39fc13ae31defa119b,685e2a3afc13ae1033fa109c,8/2/2005 01:13:05,2056.14
685e2b39fc13ae31defa119c,685e2a3afc13ae1033fa1196,3/18/2045 18:10:55,6325.85
685e2b39fc13ae31defa119d,685e2a3afc13ae1033fa0fd5,9/17/2007 12:01:59,8946.51
685e2b39fc13ae31defa119e,685e2a3afc13ae1033fa1006,5/28/2047 12:20:12,4850.96
685e2b39fc13ae31defa119f,685e2a3afc13ae1033fa0ffe,8/19/2020 05:15:45,91.26
685e2b39fc13ae31defa11a0,685e2a3afc13ae1033fa1090,1/7/2047 21:31:59,1501.16
685e2b39fc13ae31defa11a1,685e2a3afc13ae1033fa1080,12/29/2043 01:33:29,2610.96
685e2b39fc13ae31defa11a2,685e2a3afc13ae1033fa1016,5/24/2020 17:25:11,6415.53
685e2b39fc13ae31defa11a3,685e2a3afc13ae1033fa10ea,6/11/2005 09:25:37,8838.37
685e2b39fc13ae31defa11a4,685e2a3afc13ae1033fa110e,11/24/2013 22:06:48,3382.57
685e2b39fc13ae31defa11a5,685e2a3afc13ae1033fa1052,2/20/2004 11:29:44,4073.21
685e2b39fc13ae31defa11a6,685e2a3afc13ae1033fa1097,1/3/2022 03:41:45,9131.25
685e2b39fc13ae31defa11a7,685e2a3afc13ae1033fa1179,6/2/2008 10:21:23,3544.84
685e2b39fc13ae31defa11a8,685e2a3afc13ae1033fa1150,9/20/2044 08:41:04,3207.5
685e2b39fc13ae31defa11a9,685e2a3afc13ae1033fa100c,10/30/2041 20:59:27,4215.9
685e2b39fc13ae31defa11aa,685e2a3afc13ae1033fa1090,12/31/2042 16:40:03,735.92
685e2b39fc13ae31defa11ab,685e2a3afc13ae1033fa1108,6/30/2013 12:53:39,2651.29
685e2b39fc13ae31defa11ac,685e2a3afc13ae1033fa1102,10/10/2036 21:40:14,985.14
685e2b39fc13ae31defa11ad,685e2a3afc13ae1033fa107c,5/22/2013 23:30:29,6731.74
685e2b39fc13ae31defa11ae,685e2a3afc13ae1033fa114f,6/16/2004 04:58:33,2460.34
685e2b39fc13ae31defa11af,685e2a3afc13ae1033fa0ff6,11/9/2032 19:41:15,7849.78
685e2b39fc13ae31defa11b0,685e2a3afc13ae1033fa10d9,8/13/2018 19:39:52,9821.67
685e2b39fc13ae31defa11b1,685e2a3afc13ae1033fa1067,7/22/2028 00:53:41,9865.59
685e2b39fc13ae31defa11b2,685e2a3afc13ae1033fa0fed,4/4/2003 03:17:16,9859.77
685e2b39fc13ae31defa11b3,685e2a3afc13ae1033fa1169,7/17/2018 21:42:25,3557.86
685e2b39fc13ae31defa11b4,685e2a3afc13ae1033fa10a5,4/28/2028 06:19:04,3021.01
685e2b39fc13ae31defa11b5,685e2a3afc13ae1033fa10a0,3/5/2043 18:04:34,2563.63
685e2b39fc13ae31defa11b6,685e2a3afc13ae1033fa116f,1/3/2016 12:13:18,6198.3
685e2b39fc13ae31defa11b7,685e2a3afc13ae1033fa11ab,10/13/2041 05:02:37,2359.78
685e2b39fc13ae31defa11b8,685e2a3afc13ae1033fa1008,5/16/2014 11:23:39,9138.71
685e2b39fc13ae31defa11b9,685e2a3afc13ae1033fa1128,8/20/2034 06:52:26,6688.18
685e2b39fc13ae31defa11ba,685e2a3afc13ae1033fa1073,8/9/2019 20:37:25,1603.35
685e2b39fc13ae31defa11bb,685e2a3afc13ae1033fa101a,10/30/2042 15:46:26,4088.03
685e2b39fc13ae31defa11bc,685e2a3afc13ae1033fa1117,12/16/2013 16:37:41,6727.41
685e2b39fc13ae31defa11bd,685e2a3afc13ae1033fa10bc,6/9/2023 16:29:33,1739.19
685e2b39fc13ae31defa11be,685e2a3afc13ae1033fa11a9,9/26/2032 23:27:05,544.25
685e2b39fc13ae31defa11bf,685e2a3afc13ae1033fa0fc9,5/11/2047 09:52:43,8753.06
685e2b39fc13ae31defa11c0,685e2a3afc13ae1033fa10fe,6/8/2020 03:24:20,543.47
685e2b39fc13ae31defa11c1,685e2a3afc13ae1033fa103e,7/2/2039 18:50:04,6746.45
685e2b39fc13ae31defa11c2,685e2a3afc13ae1033fa1132,5/2/2018 21:21:12,4699.93
685e2b39fc13ae31defa11c3,685e2a3afc13ae1033fa1014,12/15/2029 14:27:08,2093.48
685e2b39fc13ae31defa11c4,685e2a3afc13ae1033fa10fc,6/11/2004 18:21:52,8979.18
685e2b39fc13ae31defa11c5,685e2a3afc13ae1033fa1130,5/19/2038 01:16:00,2655.95
685e2b39fc13ae31defa11c6,685e2a3afc13ae1033fa1121,10/13/2027 00:11:37,622.29
685e2b39fc13ae31defa11c7,685e2a3afc13ae1033fa0ff4,10/15/2029 21:44:40,2579.73
685e2b39fc13ae31defa11c8,685e2a3afc13ae1033fa0fd5,4/4/2027 14:40:15,1560.97
685e2b39fc13ae31defa11c9,685e2a3afc13ae1033fa0fda,4/27/2018 14:12:53,2559.83
685e2b39fc13ae31defa11ca,685e2a3afc13ae1033fa0fce,9/5/2042 00:17:14,7642.15
685e2b39fc13ae31defa11cb,685e2a3afc13ae1033fa11ad,8/8/2011 17:44:45,7225.9
685e2b39fc13ae31defa11cc,685e2a3afc13ae1033fa10a2,3/9/2047 14:23:18,3355.46
685e2b39fc13ae31defa11cd,685e2a3afc13ae1033fa0fce,12/10/2047 11:22:38,5822.48
685e2b39fc13ae31defa11ce,685e2a3afc13ae1033fa1134,7/18/2021 15:54:00,7559.63
685e2b39fc13ae31defa11cf,685e2a3afc13ae1033fa1121,10/28/2014 12:43:58,6526.71
685e2b39fc13ae31defa11d0,685e2a3afc13ae1033fa1184,7/25/2036 22:02:02,848.27
685e2b39fc13ae31defa11d1,685e2a3afc13ae1033fa11a0,6/9/2050 07:56:49,8746.9
685e2b39fc13ae31defa11d2,685e2a3afc13ae1033fa1161,1/3/2001 20:51:29,8397.28
685e2b39fc13ae31defa11d3,685e2a3afc13ae1033fa1016,1/11/2030 11:58:24,8471.93
685e2b39fc13ae31defa11d4,685e2a3afc13ae1033fa0fde,2/4/2022 13:29:00,9918.12
685e2b39fc13ae31defa11d5,685e2a3afc13ae1033fa119f,11/6/2015 22:32:25,6568.65
685e2b39fc13ae31defa11d6,685e2a3afc13ae1033fa1028,11/18/2001 19:56:00,251.66
685e2b39fc13ae31defa11d7,685e2a3afc13ae1033fa1172,3/25/2042 21:24:13,1758.37
685e2b39fc13ae31defa11d8,685e2a3afc13ae1033fa106e,12/8/2000 19:06:22,9794.52
685e2b39fc13ae31defa11d9,685e2a3afc13ae1033fa10ce,9/27/2009 19:26:15,6494.28
685e2b39fc13ae31defa11da,685e2a3afc13ae1033fa1199,6/23/2037 06:30:40,2123.72
685e2b39fc13ae31defa11db,685e2a3afc13ae1033fa1070,1/31/2029 11:44:20,6931.27
685e2b39fc13ae31defa11dc,685e2a3afc13ae1033fa115c,4/7/2009 20:47:42,1765.85
685e2b39fc13ae31defa11dd,685e2a3afc13ae1033fa0fc9,3/6/2024 20:49:28,8278.44
685e2b39fc13ae31defa11de,685e2a3afc13ae1033fa103c,5/15/2038 11:45:14,720.35
685e2b39fc13ae31defa11df,685e2a3afc13ae1033fa0fe4,7/25/2032 13:32:50,6038.53
685e2b39fc13ae31defa11e0,685e2a3afc13ae1033fa101e,10/4/2009 04:23:09,8766.51
685e2b39fc13ae31defa11e1,685e2a3afc13ae1033fa1063,5/7/2026 18:06:49,2265.43
685e2b39fc13ae31defa11e2,685e2a3afc13ae1033fa0fd3,12/26/2010 10:11:45,6478.4
685e2b39fc13ae31defa11e3,685e2a3afc13ae1033fa1087,7/6/2046 13:20:17,6895.42
685e2b39fc13ae31defa11e4,685e2a3afc13ae1033fa10a8,4/29/2019 11:19:59,2574.39
685e2b39fc13ae31defa11e5,685e2a3afc13ae1033fa113f,10/16/2046 02:22:27,9037.53
685e2b39fc13ae31defa11e6,685e2a3afc13ae1033fa105e,7/18/2048 04:50:29,3210.04
685e2b39fc13ae31defa11e7,685e2a3afc13ae1033fa1050,4/26/2012 09:01:34,7191.9
685e2b39fc13ae31defa11e8,685e2a3afc13ae1033fa102d,2/6/2036 00:48:38,9285.44
685e2b39fc13ae31defa11e9,685e2a3afc13ae1033fa10a3,12/5/2010 20:25:02,840.78
685e2b39fc13ae31defa11ea,685e2a3afc13ae1033fa10f0,7/31/2030 15:01:55,5457.43
685e2b39fc13ae31defa11eb,685e2a3afc13ae1033fa100b,8/5/2009 20:42:28,7730.84
685e2b39fc13ae31defa11ec,685e2a3afc13ae1033fa1015,7/4/2038 10:23:52,3768.44
685e2b39fc13ae31defa11ed,685e2a3afc13ae1033fa0ff2,9/12/2013 23:04:13,2765.87
685e2b39fc13ae31defa11ee,685e2a3afc13ae1033fa10be,4/11/2008 18:07:01,6025.94
685e2b39fc13ae31defa11ef,685e2a3afc13ae1033fa10e4,8/19/2008 05:07:04,9979.1
685e2b39fc13ae31defa11f0,685e2a3afc13ae1033fa10a9,7/22/2031 01:15:32,2850.19
685e2b39fc13ae31defa11f1,685e2a3afc13ae1033fa1008,1/7/2035 11:08:15,2591.68
685e2b39fc13ae31defa11f2,685e2a3afc13ae1033fa1098,8/1/2044 13:32:10,1743.22
685e2b39fc13ae31defa11f3,685e2a3afc13ae1033fa116c,9/22/2005 11:32:50,9595.75
685e2b39fc13ae31defa11f4,685e2a3afc13ae1033fa1059,4/2/2043 10:34:30,8312.32
685e2b39fc13ae31defa11f5,685e2a3afc13ae1033fa1119,6/22/2009 11:53:18,9938.96
685e2b39fc13ae31defa11f6,685e2a3afc13ae1033fa1146,4/22/2011 17:48:49,7823.85
685e2b39fc13ae31defa11f7,685e2a3afc13ae1033fa1065,3/31/2022 01:20:20,2800.73
685e2b39fc13ae31defa11f8,685e2a3afc13ae1033fa1041,8/29/2027 21:26:32,8631.33
685e2b39fc13ae31defa11f9,685e2a3afc13ae1033fa1056,8/23/2040 11:53:06,3900.01
685e2b39fc13ae31defa11fa,685e2a3afc13ae1033fa0fef,11/9/2044 01:35:19,79.84
685e2b39fc13ae31defa11fb,685e2a3afc13ae1033fa1117,3/26/2015 20:20:44,3490.6
685e2b39fc13ae31defa11fc,685e2a3afc13ae1033fa1034,11/14/2024 14:57:11,280.2
685e2b39fc13ae31defa11fd,685e2a3afc13ae1033fa0fc9,5/4/2048 07:57:13,3972.77
685e2b39fc13ae31defa11fe,685e2a3afc13ae1033fa1023,10/13/2048 06:23:54,8438.16
685e2b39fc13ae31defa11ff,685e2a3afc13ae1033fa10ec,8/27/2005 12:38:01,8424.5
685e2b39fc13ae31defa1200,685e2a3afc13ae1033fa1001,7/1/2046 19:23:38,1928.28
685e2b39fc13ae31defa1201,685e2a3afc13ae1033fa1068,1/4/2042 18:35:10,802.52
685e2b39fc13ae31defa1202,685e2a3afc13ae1033fa10e6,7/12/2031 07:36:14,259.29
685e2b39fc13ae31defa1203,685e2a3afc13ae1033fa1152,3/11/2011 08:14:42,2046.45
685e2b39fc13ae31defa1204,685e2a3afc13ae1033fa112a,10/6/2050 03:46:20,2416.2
685e2b39fc13ae31defa1205,685e2a3afc13ae1033fa1154,9/25/2020 15:34:49,2548.31
685e2b39fc13ae31defa1206,685e2a3afc13ae1033fa10c7,10/4/2040 04:16:00,3101.98
685e2b39fc13ae31defa1207,685e2a3afc13ae1033fa115a,3/25/2043 03:34:56,8604.99
685e2b39fc13ae31defa1208,685e2a3afc13ae1033fa1101,2/11/2049 01:54:52,8346.83
685e2b39fc13ae31defa1209,685e2a3afc13ae1033fa10ba,1/5/2044 05:44:23,7088.35
685e2b39fc13ae31defa120a,685e2a3afc13ae1033fa10a8,2/11/2020 20:23:05,2250.49
685e2b39fc13ae31defa120b,685e2a3afc13ae1033fa10a6,3/12/2038 11:07:38,9684.4
685e2b39fc13ae31defa120c,685e2a3afc13ae1033fa1008,3/7/2033 09:27:47,1294.11
685e2b39fc13ae31defa120d,685e2a3afc13ae1033fa1033,4/19/2037 07:41:45,3618.68
685e2b39fc13ae31defa120e,685e2a3afc13ae1033fa107b,7/7/2005 20:32:59,1381.65
685e2b39fc13ae31defa120f,685e2a3afc13ae1033fa0ff0,4/17/2013 11:43:37,5512.27
685e2b39fc13ae31defa1210,685e2a3afc13ae1033fa1195,3/13/2038 09:19:36,7614.59
685e2b39fc13ae31defa1211,685e2a3afc13ae1033fa1164,6/2/2033 05:51:00,1714.65
685e2b39fc13ae31defa1212,685e2a3afc13ae1033fa1187,3/3/2028 06:08:57,1615.73
685e2b39fc13ae31defa1213,685e2a3afc13ae1033fa111b,5/25/2040 21:22:23,6465.12
685e2b39fc13ae31defa1214,685e2a3afc13ae1033fa1006,12/30/2016 22:53:24,9462.75
685e2b39fc13ae31defa1215,685e2a3afc13ae1033fa1068,5/27/2032 12:18:53,7196.44
685e2b39fc13ae31defa1216,685e2a3afc13ae1033fa10b7,12/18/2015 19:16:54,5470.42
685e2b39fc13ae31defa1217,685e2a3afc13ae1033fa1191,6/9/2036 20:54:46,4738.3
685e2b39fc13ae31defa1218,685e2a3afc13ae1033fa1060,11/6/2033 16:34:16,2557.45
685e2b39fc13ae31defa1219,685e2a3afc13ae1033fa1188,6/26/2008 13:24:27,6348.91
685e2b39fc13ae31defa121a,685e2a3afc13ae1033fa11af,10/19/2045 10:30:26,2573.79
685e2b39fc13ae31defa121b,685e2a3afc13ae1033fa106f,10/4/2037 02:02:02,7257.54
685e2b39fc13ae31defa121c,685e2a3afc13ae1033fa0feb,5/17/2023 04:48:16,2967.98
685e2b39fc13ae31defa121d,685e2a3afc13ae1033fa1076,7/14/2017 18:35:31,8002.0
685e2b39fc13ae31defa121e,685e2a3afc13ae1033fa1130,5/15/2013 17:14:01,1711.14
685e2b39fc13ae31defa121f,685e2a3afc13ae1033fa10ec,8/29/2045 11:02:21,4053.76
685e2b39fc13ae31defa1220,685e2a3afc13ae1033fa10a5,8/16/2031 07:32:33,4594.18
685e2b39fc13ae31defa1221,685e2a3afc13ae1033fa0fef,2/10/2035 23:10:14,475.31
685e2b39fc13ae31defa1222,685e2a3afc13ae1033fa1066,6/4/2025 06:09:57,9767.54
685e2b39fc13ae31defa1223,685e2a3afc13ae1033fa1135,10/31/2016 13:17:39,5479.76
685e2b39fc13ae31defa1224,685e2a3afc13ae1033fa111a,4/21/2022 21:08:20,2730.81
685e2b39fc13ae31defa1225,685e2a3afc13ae1033fa100f,8/22/2006 16:20:01,630.29
685e2b39fc13ae31defa1226,685e2a3afc13ae1033fa115c,1/11/2041 12:37:42,7455.82
685e2b39fc13ae31defa1227,685e2a3afc13ae1033fa0fcc,7/18/2037 18:34:09,1867.08
685e2b39fc13ae31defa1228,685e2a3afc13ae1033fa113e,6/8/2015 00:13:15,9981.13
685e2b39fc13ae31defa1229,685e2a3afc13ae1033fa1049,11/10/2043 13:11:33,7426.58
685e2b39fc13ae31defa122a,685e2a3afc13ae1033fa1085,9/11/2045 12:36:13,6977.8
685e2b39fc13ae31defa122b,685e2a3afc13ae1033fa1055,3/18/2004 21:32:54,3087.59
685e2b39fc13ae31defa122c,685e2a3afc13ae1033fa113d,5/8/2025 06:28:30,9715.22
685e2b39fc13ae31defa122d,685e2a3afc13ae1033fa10bc,3/29/2017 05:17:48,1190.08
685e2b39fc13ae31defa122e,685e2a3afc13ae1033fa0ffb,4/15/2050 09:32:38,3657.48
685e2b39fc13ae31defa122f,685e2a3afc13ae1033fa10f2,5/26/2045 02:26:00,2816.94
685e2b39fc13ae31defa1230,685e2a3afc13ae1033fa1095,6/13/2002 07:48:59,7011.78
685e2b39fc13ae31defa1231,685e2a3afc13ae1033fa10b9,10/27/2049 17:15:13,5506.2
685e2b39fc13ae31defa1232,685e2a3afc13ae1033fa107b,12/24/2050 01:40:39,9923.86
685e2b39fc13ae31defa1233,685e2a3afc13ae1033fa1041,5/24/2040 04:59:53,1164.16
685e2b39fc13ae31defa1234,685e2a3afc13ae1033fa10f7,8/10/2049 03:49:47,681.86
685e2b39fc13ae31defa1235,685e2a3afc13ae1033fa0ff9,10/11/2023 07:22:46,2374.01
685e2b39fc13ae31defa1236,685e2a3afc13ae1033fa102f,4/23/2044 07:22:34,2400.54
685e2b39fc13ae31defa1237,685e2a3afc13ae1033fa1117,11/5/2036 13:28:53,6038.93
685e2b39fc13ae31defa1238,685e2a3afc13ae1033fa10c3,2/1/2004 14:43:53,3205.95
685e2b39fc13ae31defa1239,685e2a3afc13ae1033fa1199,10/7/2020 17:37:36,1605.21
685e2b39fc13ae31defa123a,685e2a3afc13ae1033fa1137,3/9/2047 11:59:08,2368.95
685e2b39fc13ae31defa123b,685e2a3afc13ae1033fa1157,11/6/2021 12:05:08,8071.77
685e2b39fc13ae31defa123c,685e2a3afc13ae1033fa1036,3/29/2008 22:29:56,4505.24
685e2b39fc13ae31defa123d,685e2a3afc13ae1033fa1165,12/19/2033 19:03:30,7628.43
685e2b39fc13ae31defa123e,685e2a3afc13ae1033fa1089,8/29/2015 15:36:58,1395.77
685e2b39fc13ae31defa123f,685e2a3afc13ae1033fa1065,10/20/2014 10:32:38,750.24
685e2b39fc13ae31defa1240,685e2a3afc13ae1033fa109d,5/26/2035 19:29:45,1644.7
685e2b39fc13ae31defa1241,685e2a3afc13ae1033fa1144,7/21/2016 03:51:44,6769.54
685e2b39fc13ae31defa1242,685e2a3afc13ae1033fa112d,6/13/2022 22:43:45,196.63
685e2b39fc13ae31defa1243,685e2a3afc13ae1033fa1019,9/23/2004 17:44:31,9853.88
685e2b39fc13ae31defa1244,685e2a3afc13ae1033fa10ad,11/14/2038 11:49:38,5455.81
685e2b39fc13ae31defa1245,685e2a3afc13ae1033fa1068,2/2/2039 12:46:51,8173.7
685e2b39fc13ae31defa1246,685e2a3afc13ae1033fa1138,3/23/2002 12:04:29,4267.27
685e2b39fc13ae31defa1247,685e2a3afc13ae1033fa1074,12/8/2037 20:29:17,2878.37
685e2b39fc13ae31defa1248,685e2a3afc13ae1033fa0ff7,11/4/2018 19:35:55,350.03
685e2b39fc13ae31defa1249,685e2a3afc13ae1033fa107b,2/9/2015 02:06:07,4268.09
685e2b39fc13ae31defa124a,685e2a3afc13ae1033fa1133,3/12/2041 02:49:47,9999.54
685e2b39fc13ae31defa124b,685e2a3afc13ae1033fa108a,2/6/2035 22:08:02,3658.27
685e2b39fc13ae31defa124c,685e2a3afc13ae1033fa1196,10/7/2004 21:08:41,8709.54
685e2b39fc13ae31defa124d,685e2a3afc13ae1033fa1084,7/28/2025 13:59:23,5531.38
685e2b39fc13ae31defa124e,685e2a3afc13ae1033fa118d,7/18/2022 19:27:43,2904.87
685e2b39fc13ae31defa124f,685e2a3afc13ae1033fa11a5,8/15/2033 03:26:44,8133.15
685e2b39fc13ae31defa1250,685e2a3afc13ae1033fa10c2,5/17/2024 19:42:24,7369.79
685e2b39fc13ae31defa1251,685e2a3afc13ae1033fa1105,7/7/2000 07:44:53,7782.17
685e2b39fc13ae31defa1252,685e2a3afc13ae1033fa1076,1/8/2026 14:57:26,4804.26
685e2b39fc13ae31defa1253,685e2a3afc13ae1033fa10c9,5/20/2043 14:27:45,353.22
685e2b39fc13ae31defa1254,685e2a3afc13ae1033fa1125,6/21/2026 04:03:27,6922.4
685e2b39fc13ae31defa1255,685e2a3afc13ae1033fa0fcf,11/5/2044 02:28:31,7557.44
685e2b39fc13ae31defa1256,685e2a3afc13ae1033fa1026,5/21/2031 17:29:16,402.89
685e2b39fc13ae31defa1257,685e2a3afc13ae1033fa1159,7/12/2004 03:07:13,9370.36
685e2b39fc13ae31defa1258,685e2a3afc13ae1033fa10db,3/7/2050 03:00:25,8897.16
685e2b39fc13ae31defa1259,685e2a3afc13ae1033fa1105,10/12/2004 22:44:50,3695.59
685e2b39fc13ae31defa125a,685e2a3afc13ae1033fa1037,7/2/2029 17:27:30,8354.3
685e2b39fc13ae31defa125b,685e2a3afc13ae1033fa1163,1/24/2026 18:15:27,2369.18
685e2b39fc13ae31defa125c,685e2a3afc13ae1033fa0ff6,4/1/2046 21:33:04,3097.66
685e2b39fc13ae31defa125d,685e2a3afc13ae1033fa10e3,10/18/2042 19:16:26,317.37
685e2b39fc13ae31defa125e,685e2a3afc13ae1033fa0fce,12/18/2027 05:30:03,25.25
685e2b39fc13ae31defa125f,685e2a3afc13ae1033fa103a,5/11/2000 05:04:21,1665.16
685e2b39fc13ae31defa1260,685e2a3afc13ae1033fa106d,4/24/2011 22:22:55,9297.6
685e2b39fc13ae31defa1261,685e2a3afc13ae1033fa10ac,12/20/2018 06:02:07,298.3
685e2b39fc13ae31defa1262,685e2a3afc13ae1033fa0fcb,12/25/2015 11:02:37,8172.27
685e2b39fc13ae31defa1263,685e2a3afc13ae1033fa1168,3/1/2029 07:04:34,2919.47
685e2b39fc13ae31defa1264,685e2a3afc13ae1033fa10cb,5/4/2009 12:48:38,7474.41
685e2b39fc13ae31defa1265,685e2a3afc13ae1033fa1061,5/10/2044 14:56:05,6979.11
685e2b39fc13ae31defa1266,685e2a3afc13ae1033fa1083,10/26/2040 07:01:40,8647.87
685e2b39fc13ae31defa1267,685e2a3afc13ae1033fa11a2,7/9/2023 15:44:52,3533.06
685e2b39fc13ae31defa1268,685e2a3afc13ae1033fa10a5,2/8/2020 04:04:39,311.68
685e2b39fc13ae31defa1269,685e2a3afc13ae1033fa113f,2/24/2016 16:32:14,4661.74
685e2b39fc13ae31defa126a,685e2a3afc13ae1033fa119e,5/5/2046 18:22:25,7396.26
685e2b39fc13ae31defa126b,685e2a3afc13ae1033fa111f,6/7/2010 16:08:23,6327.2
685e2b39fc13ae31defa126c,685e2a3afc13ae1033fa1055,2/14/2003 04:49:44,9771.91
685e2b39fc13ae31defa126d,685e2a3afc13ae1033fa1019,3/23/2010 08:16:52,1986.48
685e2b39fc13ae31defa126e,685e2a3afc13ae1033fa1045,4/30/2002 11:01:53,4970.34
685e2b39fc13ae31defa126f,685e2a3afc13ae1033fa1168,1/29/2005 12:44:58,7593.9
685e2b39fc13ae31defa1270,685e2a3afc13ae1033fa1012,10/29/2039 11:38:35,1446.62
685e2b39fc13ae31defa1271,685e2a3afc13ae1033fa1189,12/14/2030 09:33:29,6490.34
685e2b39fc13ae31defa1272,685e2a3afc13ae1033fa10cc,3/20/2004 10:57:48,5894.34
685e2b39fc13ae31defa1273,685e2a3afc13ae1033fa113e,3/7/2001 01:32:28,9940.83
685e2b39fc13ae31defa1274,685e2a3afc13ae1033fa0fbd,8/4/2008 12:06:57,856.05
685e2b39fc13ae31defa1275,685e2a3afc13ae1033fa0fde,10/29/2001 16:43:49,8916.23
685e2b39fc13ae31defa1276,685e2a3afc13ae1033fa1075,12/27/2045 14:10:17,8872.47
685e2b39fc13ae31defa1277,685e2a3afc13ae1033fa1044,12/7/2045 02:19:51,7733.75
685e2b39fc13ae31defa1278,685e2a3afc13ae1033fa10c4,1/14/2023 15:52:14,1814.42
685e2b39fc13ae31defa1279,685e2a3afc13ae1033fa118c,5/9/2040 10:55:39,6522.75
685e2b39fc13ae31defa127a,685e2a3afc13ae1033fa0fd5,9/25/2006 18:47:22,5780.81
685e2b39fc13ae31defa127b,685e2a3afc13ae1033fa117a,8/12/2009 05:53:45,5479.58
685e2b39fc13ae31defa127c,685e2a3afc13ae1033fa10bb,8/17/2016 20:45:43,2531.69
685e2b39fc13ae31defa127d,685e2a3afc13ae1033fa1007,3/15/2041 10:55:25,7401.15
685e2b39fc13ae31defa127e,685e2a3afc13ae1033fa0ff8,4/1/2027 18:45:31,5237.68
685e2b39fc13ae31defa127f,685e2a3afc13ae1033fa1022,2/1/2014 00:45:49,3942.08
685e2b39fc13ae31defa1280,685e2a3afc13ae1033fa11af,11/6/2002 14:13:30,3889.68
685e2b39fc13ae31defa1281,685e2a3afc13ae1033fa10f8,10/22/2000 10:49:59,2936.04
685e2b39fc13ae31defa1282,685e2a3afc13ae1033fa1164,6/14/2026 01:26:04,1547.54
685e2b39fc13ae31defa1283,685e2a3afc13ae1033fa1055,5/18/2029 04:20:58,4964.3
685e2b39fc13ae31defa1284,685e2a3afc13ae1033fa0fdd,7/2/2013 02:04:35,1555.03
685e2b39fc13ae31defa1285,685e2a3afc13ae1033fa1189,6/5/2002 11:32:25,949.22
685e2b39fc13ae31defa1286,685e2a3afc13ae1033fa107f,8/9/2019 11:57:25,9478.4
685e2b39fc13ae31defa1287,685e2a3afc13ae1033fa1117,10/26/2015 13:44:50,7069.24
685e2b39fc13ae31defa1288,685e2a3afc13ae1033fa0fd8,5/20/2000 09:20:52,7612.93
685e2b39fc13ae31defa1289,685e2a3afc13ae1033fa1074,4/19/2009 19:38:52,7647.84
685e2b39fc13ae31defa128a,685e2a3afc13ae1033fa1123,12/23/2047 18:50:08,3537.91
685e2b39fc13ae31defa128b,685e2a3afc13ae1033fa0fc2,7/26/2022 02:16:51,4187.65
685e2b39fc13ae31defa128c,685e2a3afc13ae1033fa1126,3/19/2017 13:24:37,4078.94
685e2b39fc13ae31defa128d,685e2a3afc13ae1033fa10bb,5/15/2017 19:25:26,2773.39
685e2b39fc13ae31defa128e,685e2a3afc13ae1033fa0fc8,2/13/2017 11:44:52,5232.83
685e2b39fc13ae31defa128f,685e2a3afc13ae1033fa100f,8/10/2030 15:30:15,7992.21
685e2b39fc13ae31defa1290,685e2a3afc13ae1033fa10a4,1/28/2004 15:27:23,3231.96
685e2b39fc13ae31defa1291,685e2a3afc13ae1033fa111b,8/8/2044 14:34:24,799.1
685e2b39fc13ae31defa1292,685e2a3afc13ae1033fa0fd7,6/5/2033 21:24:12,8589.46
685e2b39fc13ae31defa1293,685e2a3afc13ae1033fa108b,12/7/2011 09:46:05,2815.71
685e2b39fc13ae31defa1294,685e2a3afc13ae1033fa10ba,5/21/2046 07:47:54,3420.98
685e2b39fc13ae31defa1295,685e2a3afc13ae1033fa1016,10/11/2017 01:07:53,1572.45
685e2b39fc13ae31defa1296,685e2a3afc13ae1033fa0fc5,1/29/2002 17:25:58,7262.29
685e2b39fc13ae31defa1297,685e2a3afc13ae1033fa10b5,1/3/2044 12:03:49,2413.29
685e2b39fc13ae31defa1298,685e2a3afc13ae1033fa1141,3/19/2014 15:08:06,7818.26
685e2b39fc13ae31defa1299,685e2a3afc13ae1033fa100e,5/18/2027 02:58:49,519.95
685e2b39fc13ae31defa129a,685e2a3afc13ae1033fa1161,5/8/2027 01:52:48,6558.22
685e2b39fc13ae31defa129b,685e2a3afc13ae1033fa100f,7/12/2050 02:12:57,5687.3
685e2b39fc13ae31defa129c,685e2a3afc13ae1033fa107b,12/20/2009 05:16:29,4236.97
685e2b39fc13ae31defa129d,685e2a3afc13ae1033fa1048,5/1/2021 07:23:13,4211.35
685e2b39fc13ae31defa129e,685e2a3afc13ae1033fa112c,4/15/2008 23:39:36,4179.94
685e2b39fc13ae31defa129f,685e2a3afc13ae1033fa1084,10/13/2008 16:01:04,9672.24
685e2b39fc13ae31defa12a0,685e2a3afc13ae1033fa1197,12/18/2022 08:00:31,5035.76
685e2b39fc13ae31defa12a1,685e2a3afc13ae1033fa1030,5/13/2050 17:10:52,6190.62
685e2b39fc13ae31defa12a2,685e2a3afc13ae1033fa0fce,5/4/2046 22:14:37,1647.95
685e2b39fc13ae31defa12a3,685e2a3afc13ae1033fa1042,10/8/2044 04:48:54,5101.85
685e2b39fc13ae31defa12a4,685e2a3afc13ae1033fa104e,4/12/2000 20:02:54,9666.1
685e2b39fc13ae31defa12a5,685e2a3afc13ae1033fa103a,2/27/2015 14:21:17,7789.35
685e2b39fc13ae31defa12a6,685e2a3afc13ae1033fa0fe8,7/22/2037 11:15:49,7284.67
685e2b39fc13ae31defa12a7,685e2a3afc13ae1033fa1053,7/31/2037 14:53:41,8770.63
685e2b39fc13ae31defa12a8,685e2a3afc13ae1033fa1151,10/10/2037 11:27:10,8441.75
685e2b39fc13ae31defa12a9,685e2a3afc13ae1033fa0fed,7/15/2004 11:45:10,9565.79
685e2b39fc13ae31defa12aa,685e2a3afc13ae1033fa1161,5/26/2015 22:53:18,6821.25
685e2b39fc13ae31defa12ab,685e2a3afc13ae1033fa109c,9/17/2023 06:23:07,4007.28
685e2b39fc13ae31defa12ac,685e2a3afc13ae1033fa1182,12/2/2006 01:12:33,2863.93
685e2b39fc13ae31defa12ad,685e2a3afc13ae1033fa1071,12/3/2000 22:42:39,6925.4
685e2b39fc13ae31defa12ae,685e2a3afc13ae1033fa1145,11/29/2005 14:17:52,1832.46
685e2b39fc13ae31defa12af,685e2a3afc13ae1033fa115c,6/17/2010 15:55:29,8389.21
685e2b39fc13ae31defa12b0,685e2a3afc13ae1033fa11a7,2/18/2025 02:10:13,1193.51
685e2b39fc13ae31defa12b1,685e2a3afc13ae1033fa0fbf,9/14/2025 13:30:19,3988.35
685e2b39fc13ae31defa12b2,685e2a3afc13ae1033fa10b5,10/16/2021 16:10:18,1402.85
685e2b39fc13ae31defa12b3,685e2a3afc13ae1033fa10cd,1/6/2001 04:44:11,172.89
685e2b39fc13ae31defa12b4,685e2a3afc13ae1033fa10e5,10/8/2036 14:54:26,1430.05
685e2b39fc13ae31defa12b5,685e2a3afc13ae1033fa116b,10/20/2024 11:16:48,5560.45
685e2b39fc13ae31defa12b6,685e2a3afc13ae1033fa10a6,6/17/2037 23:31:04,735.85
685e2b39fc13ae31defa12b7,685e2a3afc13ae1033fa1151,4/18/2001 12:02:44,8135.62
685e2b39fc13ae31defa12b8,685e2a3afc13ae1033fa10af,8/2/2007 13:00:19,7124.69
685e2b39fc13ae31defa12b9,685e2a3afc13ae1033fa1106,2/9/2005 16:34:24,8986.32
685e2b39fc13ae31defa12ba,685e2a3afc13ae1033fa10bf,2/17/2040 15:16:39,5772.91
685e2b39fc13ae31defa12bb,685e2a3afc13ae1033fa112b,5/25/2044 07:02:02,4703.48
685e2b39fc13ae31defa12bc,685e2a3afc13ae1033fa118b,12/5/2004 19:19:58,3765.86
685e2b39fc13ae31defa12bd,685e2a3afc13ae1033fa104d,2/28/2044 05:30:02,6826.81
685e2b39fc13ae31defa12be,685e2a3afc13ae1033fa1186,6/24/2027 13:04:19,5754.47
685e2b39fc13ae31defa12bf,685e2a3afc13ae1033fa0fc5,3/23/2006 17:37:19,7924.18
685e2b39fc13ae31defa12c0,685e2a3afc13ae1033fa1059,11/2/2029 00:42:33,1198.65
685e2b39fc13ae31defa12c1,685e2a3afc13ae1033fa1105,1/7/2000 03:48:54,7252.25
685e2b39fc13ae31defa12c2,685e2a3afc13ae1033fa0ff9,12/14/2011 13:48:18,1273.36
685e2b39fc13ae31defa12c3,685e2a3afc13ae1033fa0fd2,10/19/2020 05:41:38,585.86
685e2b39fc13ae31defa12c4,685e2a3afc13ae1033fa1138,5/23/2021 03:10:38,9231.42
685e2b39fc13ae31defa12c5,685e2a3afc13ae1033fa1075,3/22/2041 13:15:16,9065.08
685e2b39fc13ae31defa12c6,685e2a3afc13ae1033fa10df,8/27/2035 18:03:37,7348.33
685e2b39fc13ae31defa12c7,685e2a3afc13ae1033fa112d,7/24/2049 18:59:14,3522.55
685e2b39fc13ae31defa12c8,685e2a3afc13ae1033fa1140,3/10/2049 04:54:57,6340.45
685e2b39fc13ae31defa12c9,685e2a3afc13ae1033fa10f6,9/28/2045 04:26:27,5584.2
685e2b39fc13ae31defa12ca,685e2a3afc13ae1033fa1168,7/30/2049 02:20:22,9005.67
685e2b39fc13ae31defa12cb,685e2a3afc13ae1033fa113c,1/19/2029 06:34:23,3502.06
685e2b39fc13ae31defa12cc,685e2a3afc13ae1033fa1100,7/28/2032 08:09:05,4003.16
685e2b39fc13ae31defa12cd,685e2a3afc13ae1033fa0fc8,5/27/2050 10:47:31,7227.38
685e2b39fc13ae31defa12ce,685e2a3afc13ae1033fa11af,2/9/2000 10:23:15,1492.42
685e2b39fc13ae31defa12cf,685e2a3afc13ae1033fa0fe3,10/24/2009 11:58:52,809.0
685e2b39fc13ae31defa12d0,685e2a3afc13ae1033fa1154,9/19/2044 03:13:00,8179.52
685e2b39fc13ae31defa12d1,685e2a3afc13ae1033fa10c3,6/17/2003 11:54:32,1277.75
685e2b39fc13ae31defa12d2,685e2a3afc13ae1033fa0fcb,1/3/2022 03:34:23,8679.2
685e2b39fc13ae31defa12d3,685e2a3afc13ae1033fa10b9,12/23/2050 14:18:26,1380.74
685e2b39fc13ae31defa12d4,685e2a3afc13ae1033fa108f,11/11/2018 00:31:36,3231.48
685e2b39fc13ae31defa12d5,685e2a3afc13ae1033fa108e,2/10/2012 15:57:13,6700.28
685e2b39fc13ae31defa12d6,685e2a3afc13ae1033fa0fc3,1/28/2035 22:56:32,5356.06
685e2b39fc13ae31defa12d7,685e2a3afc13ae1033fa113d,11/20/2042 15:21:18,56.66
685e2b39fc13ae31defa12d8,685e2a3afc13ae1033fa0fd4,2/18/2032 07:33:06,5790.71
685e2b39fc13ae31defa12d9,685e2a3afc13ae1033fa100c,10/5/2026 21:05:44,6852.14
685e2b39fc13ae31defa12da,685e2a3afc13ae1033fa10b8,12/12/2048 08:20:27,2719.09
685e2b39fc13ae31defa12db,685e2a3afc13ae1033fa10d2,12/1/2014 19:20:39,6316.62
685e2b39fc13ae31defa12dc,685e2a3afc13ae1033fa113a,7/18/2018 07:42:45,8401.33
685e2b39fc13ae31defa12dd,685e2a3afc13ae1033fa10d8,9/25/2011 10:26:52,4502.89
685e2b39fc13ae31defa12de,685e2a3afc13ae1033fa0ffe,1/24/2022 05:48:32,4816.84
685e2b39fc13ae31defa12df,685e2a3afc13ae1033fa106e,3/4/2040 06:20:57,2962.69
685e2b39fc13ae31defa12e0,685e2a3afc13ae1033fa1199,4/7/2015 08:25:10,8536.07
685e2b39fc13ae31defa12e1,685e2a3afc13ae1033fa100f,4/25/2037 11:38:44,4014.1
685e2b39fc13ae31defa12e2,685e2a3afc13ae1033fa119b,11/9/2032 14:26:47,3838.99
685e2b39fc13ae31defa12e3,685e2a3afc13ae1033fa105d,1/27/2036 00:27:27,9807.06
685e2b39fc13ae31defa12e4,685e2a3afc13ae1033fa0ffb,10/23/2025 17:32:44,2284.92
685e2b39fc13ae31defa12e5,685e2a3afc13ae1033fa10f6,5/17/2023 14:48:14,928.57
685e2b39fc13ae31defa12e6,685e2a3afc13ae1033fa0ff5,11/30/2046 13:20:28,1775.21
685e2b39fc13ae31defa12e7,685e2a3afc13ae1033fa118d,3/28/2017 18:45:01,8703.7
685e2b39fc13ae31defa12e8,685e2a3afc13ae1033fa114d,9/12/2010 05:43:44,1418.48
685e2b39fc13ae31defa12e9,685e2a3afc13ae1033fa1062,5/12/2005 19:11:58,9603.03
685e2b39fc13ae31defa12ea,685e2a3afc13ae1033fa1194,12/14/2000 04:33:03,57.66
685e2b39fc13ae31defa12eb,685e2a3afc13ae1033fa0fe8,4/22/2000 00:49:09,5288.07
685e2b39fc13ae31defa12ec,685e2a3afc13ae1033fa10c1,4/22/2049 19:30:53,1604.05
685e2b39fc13ae31defa12ed,685e2a3afc13ae1033fa1128,6/21/2015 22:47:06,6335.96
685e2b39fc13ae31defa12ee,685e2a3afc13ae1033fa1014,12/21/2034 05:28:04,8825.51
685e2b39fc13ae31defa12ef,685e2a3afc13ae1033fa1037,3/11/2029 18:14:32,2569.91
685e2b39fc13ae31defa12f0,685e2a3afc13ae1033fa10b7,4/12/2048 03:23:37,9051.62
685e2b39fc13ae31defa12f1,685e2a3afc13ae1033fa1133,10/2/2013 09:41:41,1015.44
685e2b39fc13ae31defa12f2,685e2a3afc13ae1033fa1192,11/7/2047 02:23:13,8450.68
685e2b39fc13ae31defa12f3,685e2a3afc13ae1033fa119f,5/24/2018 09:20:27,2606.01
685e2b39fc13ae31defa12f4,685e2a3afc13ae1033fa0feb,10/26/2026 03:18:39,5266.25
685e2b39fc13ae31defa12f5,685e2a3afc13ae1033fa1048,12/10/2029 15:17:35,326.38
685e2b39fc13ae31defa12f6,685e2a3afc13ae1033fa10cd,8/30/2002 17:20:28,8955.52
685e2b39fc13ae31defa12f7,685e2a3afc13ae1033fa0fcd,7/30/2016 09:40:01,8500.78
685e2b39fc13ae31defa12f8,685e2a3afc13ae1033fa1065,8/13/2020 11:03:09,1459.96
685e2b39fc13ae31defa12f9,685e2a3afc13ae1033fa1000,6/1/2016 06:27:53,1928.81
685e2b39fc13ae31defa12fa,685e2a3afc13ae1033fa0fcc,7/3/2050 15:08:32,5936.54
685e2b39fc13ae31defa12fb,685e2a3afc13ae1033fa10f0,3/1/2036 01:41:32,2094.25
685e2b39fc13ae31defa12fc,685e2a3afc13ae1033fa1137,11/26/2006 00:08:26,7813.06
685e2b39fc13ae31defa12fd,685e2a3afc13ae1033fa0fdc,7/31/2040 01:04:13,844.53
685e2b39fc13ae31defa12fe,685e2a3afc13ae1033fa1024,1/20/2037 04:25:52,1114.15
685e2b39fc13ae31defa12ff,685e2a3afc13ae1033fa1069,7/27/2014 08:39:23,9269.95
685e2b39fc13ae31defa1300,685e2a3afc13ae1033fa112b,5/14/2045 14:59:43,5074.27
685e2b39fc13ae31defa1301,685e2a3afc13ae1033fa102f,11/1/2030 02:20:53,5211.49
685e2b39fc13ae31defa1302,685e2a3afc13ae1033fa1181,2/14/2045 02:31:29,1951.98
685e2b39fc13ae31defa1303,685e2a3afc13ae1033fa10ac,6/13/2012 01:51:02,388.22
685e2b39fc13ae31defa1304,685e2a3afc13ae1033fa0fea,6/11/2008 18:38:27,5345.09
685e2b39fc13ae31defa1305,685e2a3afc13ae1033fa1034,10/25/2036 00:55:17,1786.85
685e2b39fc13ae31defa1306,685e2a3afc13ae1033fa119c,1/30/2045 20:59:11,300.66
685e2b39fc13ae31defa1307,685e2a3afc13ae1033fa115a,5/14/2037 14:37:39,9127.43
685e2b39fc13ae31defa1308,685e2a3afc13ae1033fa111b,6/14/2030 04:15:20,7409.38
685e2b39fc13ae31defa1309,685e2a3afc13ae1033fa0fc0,10/2/2039 19:22:07,3322.12
685e2b39fc13ae31defa130a,685e2a3afc13ae1033fa1128,7/5/2024 23:27:04,1603.19
685e2b39fc13ae31defa130b,685e2a3afc13ae1033fa105a,6/16/2020 16:28:12,6898.85
685e2b39fc13ae31defa130c,685e2a3afc13ae1033fa1032,2/14/2031 11:45:59,5396.27
685e2b39fc13ae31defa130d,685e2a3afc13ae1033fa1199,10/12/2002 02:08:23,3302.97
685e2b39fc13ae31defa130e,685e2a3afc13ae1033fa1178,10/26/2022 16:49:00,6441.39
685e2b39fc13ae31defa130f,685e2a3afc13ae1033fa1018,8/13/2006 14:02:06,297.71
685e2b39fc13ae31defa1310,685e2a3afc13ae1033fa10ab,5/5/2002 13:38:20,7623.15
685e2b39fc13ae31defa1311,685e2a3afc13ae1033fa11a4,8/4/2028 06:39:23,7561.49
685e2b39fc13ae31defa1312,685e2a3afc13ae1033fa1149,8/27/2027 08:45:19,670.15
685e2b39fc13ae31defa1313,685e2a3afc13ae1033fa118d,12/29/2011 12:32:01,8406.35
685e2b39fc13ae31defa1314,685e2a3afc13ae1033fa107c,1/13/2050 06:33:47,7059.86
685e2b39fc13ae31defa1315,685e2a3afc13ae1033fa1026,5/16/2021 20:59:47,8224.45
685e2b39fc13ae31defa1316,685e2a3afc13ae1033fa10ef,10/12/2027 21:13:35,2471.05
685e2b39fc13ae31defa1317,685e2a3afc13ae1033fa10cf,7/23/2043 17:47:47,5296.44
685e2b39fc13ae31defa1318,685e2a3afc13ae1033fa0ffc,6/28/2048 03:42:46,8063.83
685e2b39fc13ae31defa1319,685e2a3afc13ae1033fa0fe9,12/13/2019 05:24:35,6601.47
685e2b39fc13ae31defa131a,685e2a3afc13ae1033fa1069,11/15/2032 06:03:40,7115.31
685e2b39fc13ae31defa131b,685e2a3afc13ae1033fa10d3,11/29/2041 04:03:33,4794.12
685e2b39fc13ae31defa131c,685e2a3afc13ae1033fa0fdb,9/25/2023 21:44:22,2483.71
685e2b39fc13ae31defa131d,685e2a3afc13ae1033fa100e,2/27/2043 14:37:02,7570.88
685e2b39fc13ae31defa131e,685e2a3afc13ae1033fa0fdd,11/25/2047 06:46:47,2878.29
685e2b39fc13ae31defa131f,685e2a3afc13ae1033fa1076,5/4/2025 15:23:06,3395.78
685e2b39fc13ae31defa1320,685e2a3afc13ae1033fa1178,3/3/2028 16:45:54,8028.74
685e2b39fc13ae31defa1321,685e2a3afc13ae1033fa1117,1/31/2026 11:47:10,6007.03
685e2b39fc13ae31defa1322,685e2a3afc13ae1033fa1183,5/24/2006 09:21:51,1972.55
685e2b39fc13ae31defa1323,685e2a3afc13ae1033fa119b,6/11/2003 08:14:08,1618.67
685e2b39fc13ae31defa1324,685e2a3afc13ae1033fa10d9,11/26/2005 16:29:51,9756.17
685e2b39fc13ae31defa1325,685e2a3afc13ae1033fa1074,1/17/2042 09:30:23,5528.73
685e2b39fc13ae31defa1326,685e2a3afc13ae1033fa1021,5/15/2012 18:34:13,9598.62
685e2b39fc13ae31defa1327,685e2a3afc13ae1033fa1057,12/12/2024 12:58:02,7106.66
685e2b3afc13ae31defa1328,685e2a3afc13ae1033fa101d,6/20/2030 15:27:42,6373.75
685e2b3afc13ae31defa1329,685e2a3afc13ae1033fa1014,2/8/2042 08:48:57,3525.16
685e2b3afc13ae31defa132a,685e2a3afc13ae1033fa10f3,9/14/2024 04:40:09,1794.64
685e2b3afc13ae31defa132b,685e2a3afc13ae1033fa10c2,6/24/2031 02:24:57,793.15
685e2b3afc13ae31defa132c,685e2a3afc13ae1033fa1009,9/27/2044 20:55:27,393.44
685e2b3afc13ae31defa132d,685e2a3afc13ae1033fa102b,3/17/2012 11:14:44,2314.57
685e2b3afc13ae31defa132e,685e2a3afc13ae1033fa0ff0,2/28/2003 15:12:08,9300.08
685e2b3afc13ae31defa132f,685e2a3afc13ae1033fa107a,10/27/2020 03:50:37,7100.72
685e2b3afc13ae31defa1330,685e2a3afc13ae1033fa117d,6/16/2005 05:07:19,5992.55
685e2b3afc13ae31defa1331,685e2a3afc13ae1033fa0fd8,10/22/2035 10:40:00,7834.53
685e2b3afc13ae31defa1332,685e2a3afc13ae1033fa1048,1/18/2027 21:54:25,3893.34
685e2b3afc13ae31defa1333,685e2a3afc13ae1033fa105b,3/7/2031 05:10:48,5969.46
685e2b3afc13ae31defa1334,685e2a3afc13ae1033fa117f,11/15/2023 18:20:11,9949.19
685e2b3afc13ae31defa1335,685e2a3afc13ae1033fa0ff7,11/14/2039 04:27:15,8552.16
685e2b3afc13ae31defa1336,685e2a3afc13ae1033fa107c,9/30/2006 04:03:46,3467.4
685e2b3afc13ae31defa1337,685e2a3afc13ae1033fa10ba,7/15/2043 23:57:03,1562.83
685e2b3afc13ae31defa1338,685e2a3afc13ae1033fa11a5,1/24/2013 13:18:06,3612.98
685e2b3afc13ae31defa1339,685e2a3afc13ae1033fa1062,12/28/2035 03:40:04,7320.2
685e2b3afc13ae31defa133a,685e2a3afc13ae1033fa117b,10/29/2049 01:10:50,1432.13
685e2b3afc13ae31defa133b,685e2a3afc13ae1033fa1135,8/1/2040 20:46:30,3662.04
685e2b3afc13ae31defa133c,685e2a3afc13ae1033fa10af,10/1/2042 11:31:09,1776.23
685e2b3afc13ae31defa133d,685e2a3afc13ae1033fa110a,12/15/2003 08:25:16,1672.57
685e2b3afc13ae31defa133e,685e2a3afc13ae1033fa1054,6/6/2030 13:42:39,8532.7
685e2b3afc13ae31defa133f,685e2a3afc13ae1033fa1013,8/20/2036 05:25:38,4350.9
685e2b3afc13ae31defa1340,685e2a3afc13ae1033fa113b,11/27/2003 13:32:14,6534.14
685e2b3afc13ae31defa1341,685e2a3afc13ae1033fa10eb,8/29/2049 07:25:19,1739.75
685e2b3afc13ae31defa1342,685e2a3afc13ae1033fa1136,1/18/2001 07:20:17,4931.65
685e2b3afc13ae31defa1343,685e2a3afc13ae1033fa10a8,5/27/2005 11:26:41,8805.66
685e2b3afc13ae31defa1344,685e2a3afc13ae1033fa10ae,8/22/2037 14:27:02,4727.7
685e2b3afc13ae31defa1345,685e2a3afc13ae1033fa0fdd,3/19/2036 14:40:29,3924.52
685e2b3afc13ae31defa1346,685e2a3afc13ae1033fa110c,6/22/2045 23:25:42,719.02
685e2b3afc13ae31defa1347,685e2a3afc13ae1033fa11ab,1/21/2015 09:34:59,5119.09
685e2b3afc13ae31defa1348,685e2a3afc13ae1033fa0fe9,2/3/2032 07:32:26,8681.84
685e2b3afc13ae31defa1349,685e2a3afc13ae1033fa10b5,4/22/2045 04:50:09,9488.67
685e2b3afc13ae31defa134a,685e2a3afc13ae1033fa10e4,1/6/2012 06:58:34,400.64
685e2b3afc13ae31defa134b,685e2a3afc13ae1033fa10c9,8/1/2003 12:56:30,4414.59
685e2b3afc13ae31defa134c,685e2a3afc13ae1033fa1129,6/15/2009 10:05:32,260.07
685e2b3afc13ae31defa134d,685e2a3afc13ae1033fa11a8,8/22/2005 13:45:14,2587.47
685e2b3afc13ae31defa134e,685e2a3afc13ae1033fa111e,8/11/2022 15:53:17,371.51
685e2b3afc13ae31defa134f,685e2a3afc13ae1033fa1171,12/16/2032 03:09:19,8495.93
685e2b3afc13ae31defa1350,685e2a3afc13ae1033fa10c7,3/17/2004 08:28:18,7396.78
685e2b3afc13ae31defa1351,685e2a3afc13ae1033fa0fc8,11/20/2018 09:58:29,7241.44
685e2b3afc13ae31defa1352,685e2a3afc13ae1033fa0fd6,4/29/2019 21:38:58,2251.4
685e2b3afc13ae31defa1353,685e2a3afc13ae1033fa1142,7/27/2011 18:05:47,4028.23
685e2b3afc13ae31defa1354,685e2a3afc13ae1033fa11a4,5/11/2046 05:24:22,2468.1
685e2b3afc13ae31defa1355,685e2a3afc13ae1033fa1002,12/2/2017 00:49:34,8294.42
685e2b3afc13ae31defa1356,685e2a3afc13ae1033fa1014,7/13/2047 08:31:01,4800.96
685e2b3afc13ae31defa1357,685e2a3afc13ae1033fa1109,4/25/2018 09:08:08,4191.54
685e2b3afc13ae31defa1358,685e2a3afc13ae1033fa1077,8/13/2045 15:26:26,1049.03
685e2b3afc13ae31defa1359,685e2a3afc13ae1033fa10b2,10/27/2048 09:41:19,7558.99
685e2b3afc13ae31defa135a,685e2a3afc13ae1033fa10de,1/22/2017 04:16:38,7039.08
685e2b3afc13ae31defa135b,685e2a3afc13ae1033fa0fcf,9/2/2004 04:41:10,9000.32
685e2b3afc13ae31defa135c,685e2a3afc13ae1033fa1108,7/31/2044 04:08:14,1110.21
685e2b3afc13ae31defa135d,685e2a3afc13ae1033fa1000,2/9/2010 20:49:20,4509.62
685e2b3afc13ae31defa135e,685e2a3afc13ae1033fa1170,2/19/2017 01:01:33,6599.67
685e2b3afc13ae31defa135f,685e2a3afc13ae1033fa1169,4/10/2024 11:51:37,8940.57
685e2b3afc13ae31defa1360,685e2a3afc13ae1033fa1097,8/24/2037 17:40:51,2844.16
685e2b3afc13ae31defa1361,685e2a3afc13ae1033fa1057,10/7/2033 17:04:13,391.28
685e2b3afc13ae31defa1362,685e2a3afc13ae1033fa108d,6/19/2036 12:27:45,9901.03
685e2b3afc13ae31defa1363,685e2a3afc13ae1033fa0fd6,8/16/2018 02:51:11,4865.68
685e2b3afc13ae31defa1364,685e2a3afc13ae1033fa10fc,4/17/2008 00:03:13,6699.61
685e2b3afc13ae31defa1365,685e2a3afc13ae1033fa1078,12/7/2022 17:35:16,5381.31
685e2b3afc13ae31defa1366,685e2a3afc13ae1033fa117b,2/14/2001 08:21:00,5333.17
685e2b3afc13ae31defa1367,685e2a3afc13ae1033fa10c3,8/3/2002 05:46:27,9648.83
685e2b3afc13ae31defa1368,685e2a3afc13ae1033fa111f,11/19/2025 09:32:20,7160.74
685e2b3afc13ae31defa1369,685e2a3afc13ae1033fa10d3,6/1/2046 04:11:14,9708.24
685e2b3afc13ae31defa136a,685e2a3afc13ae1033fa1001,5/23/2032 16:18:52,6824.5
685e2b3afc13ae31defa136b,685e2a3afc13ae1033fa1114,9/12/2019 13:36:44,2295.53
685e2b3afc13ae31defa136c,685e2a3afc13ae1033fa10ef,1/7/2007 08:16:13,9000.64
685e2b3afc13ae31defa136d,685e2a3afc13ae1033fa1078,1/2/2021 12:09:01,780.45
685e2b3afc13ae31defa136e,685e2a3afc13ae1033fa0fc2,8/31/2038 21:32:57,9631.09
685e2b3afc13ae31defa136f,685e2a3afc13ae1033fa1031,4/29/2018 19:45:04,1144.8
685e2b3afc13ae31defa1370,685e2a3afc13ae1033fa1076,9/25/2035 16:40:50,4057.27
685e2b3afc13ae31defa1371,685e2a3afc13ae1033fa1009,1/16/2035 05:03:15,7134.58
685e2b3afc13ae31defa1372,685e2a3afc13ae1033fa112e,9/22/2009 22:29:30,5505.51
685e2b3afc13ae31defa1373,685e2a3afc13ae1033fa10a1,10/14/2024 07:07:58,1331.17
685e2b3afc13ae31defa1374,685e2a3afc13ae1033fa118e,8/13/2027 14:53:32,9522.65
685e2b3afc13ae31defa1375,685e2a3afc13ae1033fa104c,5/17/2021 07:42:02,1715.58
685e2b3afc13ae31defa1376,685e2a3afc13ae1033fa109a,6/13/2000 20:05:29,4161.78
685e2b3afc13ae31defa1377,685e2a3afc13ae1033fa10bc,6/28/2006 02:44:43,8502.21
685e2b3afc13ae31defa1378,685e2a3afc13ae1033fa0fde,9/29/2034 22:34:33,2321.86
685e2b3afc13ae31defa1379,685e2a3afc13ae1033fa10d7,9/26/2041 17:34:58,2044.83
685e2b3afc13ae31defa137a,685e2a3afc13ae1033fa1071,7/7/2020 17:24:59,5007.27
685e2b3afc13ae31defa137b,685e2a3afc13ae1033fa109f,4/24/2023 23:46:35,5762.67
685e2b3afc13ae31defa137c,685e2a3afc13ae1033fa0fbf,2/14/2024 22:50:35,434.07
685e2b3afc13ae31defa137d,685e2a3afc13ae1033fa10f2,2/2/2038 04:00:57,6562.31
685e2b3afc13ae31defa137e,685e2a3afc13ae1033fa10bb,4/25/2002 09:37:15,6076.57
685e2b3afc13ae31defa137f,685e2a3afc13ae1033fa10ce,4/11/2001 23:19:55,8500.29
685e2b3afc13ae31defa1380,685e2a3afc13ae1033fa113e,9/25/2007 02:04:43,4079.14
685e2b3afc13ae31defa1381,685e2a3afc13ae1033fa1048,2/7/2033 21:20:01,4155.22
685e2b3afc13ae31defa1382,685e2a3afc13ae1033fa1051,10/25/2049 16:01:59,562.54
685e2b3afc13ae31defa1383,685e2a3afc13ae1033fa1153,2/9/2045 01:00:39,7076.82
685e2b3afc13ae31defa1384,685e2a3afc13ae1033fa10c1,11/26/2002 08:24:43,9330.02
685e2b3afc13ae31defa1385,685e2a3afc13ae1033fa1154,1/28/2022 21:02:01,8964.79
685e2b3afc13ae31defa1386,685e2a3afc13ae1033fa101f,7/21/2026 09:47:15,7645.58
685e2b3afc13ae31defa1387,685e2a3afc13ae1033fa1066,1/17/2035 16:05:48,1984.19
685e2b3afc13ae31defa1388,685e2a3afc13ae1033fa0fdc,6/20/2016 14:51:03,2415.77
685e2b3afc13ae31defa1389,685e2a3afc13ae1033fa1008,4/14/2009 09:46:27,4859.04
685e2b3afc13ae31defa138a,685e2a3afc13ae1033fa10fe,8/18/2024 23:53:09,585.59
685e2b3afc13ae31defa138b,685e2a3afc13ae1033fa11a3,9/9/2002 19:36:29,9975.15
685e2b3afc13ae31defa138c,685e2a3afc13ae1033fa1169,5/14/2035 23:38:03,4255.64
685e2b3afc13ae31defa138d,685e2a3afc13ae1033fa10a0,8/6/2003 11:54:33,8871.45
685e2b3afc13ae31defa138e,685e2a3afc13ae1033fa1016,9/7/2010 22:14:22,4110.19
685e2b3afc13ae31defa138f,685e2a3afc13ae1033fa118e,9/11/2003 05:28:49,3728.74
685e2b3afc13ae31defa1390,685e2a3afc13ae1033fa1055,5/15/2038 20:22:08,7633.67
685e2b3afc13ae31defa1391,685e2a3afc13ae1033fa106f,6/1/2024 16:54:43,128.22
685e2b3afc13ae31defa1392,685e2a3afc13ae1033fa1095,9/11/2017 13:36:32,6775.89
685e2b3afc13ae31defa1393,685e2a3afc13ae1033fa10ae,3/14/2050 20:47:36,8964.23
685e2b3afc13ae31defa1394,685e2a3afc13ae1033fa1026,5/30/2023 19:59:18,2994.36
685e2b3afc13ae31defa1395,685e2a3afc13ae1033fa1177,9/22/2006 16:48:25,3015.7
685e2b3afc13ae31defa1396,685e2a3afc13ae1033fa1057,11/21/2050 13:28:44,6760.22
685e2b3afc13ae31defa1397,685e2a3afc13ae1033fa1198,12/24/2030 08:43:10,4364.08
685e2b3afc13ae31defa1398,685e2a3afc13ae1033fa1189,12/12/2036 20:41:01,2616.48
685e2b3afc13ae31defa1399,685e2a3afc13ae1033fa11a8,6/23/2025 08:37:28,7535.48
685e2b3afc13ae31defa139a,685e2a3afc13ae1033fa0ffc,9/11/2029 21:05:39,2314.79
685e2b3afc13ae31defa139b,685e2a3afc13ae1033fa1185,2/16/2043 21:11:39,2381.14
685e2b3afc13ae31defa139c,685e2a3afc13ae1033fa109b,9/24/2010 02:37:32,8791.67
685e2b3afc13ae31defa139d,685e2a3afc13ae1033fa1027,7/17/2042 13:19:42,4132.46
685e2b3afc13ae31defa139e,685e2a3afc13ae1033fa1076,3/14/2046 06:48:42,6552.32
685e2b3afc13ae31defa139f,685e2a3afc13ae1033fa1197,3/30/2015 17:25:09,9200.47
685e2b3afc13ae31defa13a0,685e2a3afc13ae1033fa1128,11/26/2027 23:08:59,9088.41
685e2b3afc13ae31defa13a1,685e2a3afc13ae1033fa1109,7/28/2050 02:04:58,6266.71
685e2b3afc13ae31defa13a2,685e2a3afc13ae1033fa10f9,10/26/2004 17:17:03,2281.22
685e2b3afc13ae31defa13a3,685e2a3afc13ae1033fa1146,12/10/2016 16:07:06,160.24
685e2b3afc13ae31defa13a4,685e2a3afc13ae1033fa10d5,9/20/2045 09:06:19,2319.09
