sale_id,order_id,product_id,quantity,unit_price,total_price
685e2c32fc13ae349cfa1021,685e2b39fc13ae31defa0fbd,685e2ba4fc13ae2323fa1477,129,2649.1,341733.9
685e2c32fc13ae349cfa1022,685e2b39fc13ae31defa0fbe,685e2ba4fc13ae2323fa16a9,118,7651.01,902819.18
685e2c32fc13ae349cfa1023,685e2b39fc13ae31defa0fbf,685e2ba4fc13ae2323fa1420,186,380.68,70806.48
685e2c32fc13ae349cfa1024,685e2b39fc13ae31defa0fc0,685e2ba4fc13ae2323fa14e1,42,9361.9,393199.8
685e2c32fc13ae349cfa1025,685e2b39fc13ae31defa0fc1,685e2ba4fc13ae2323fa13d7,66,7561.87,499083.42
685e2c32fc13ae349cfa1026,685e2b39fc13ae31defa0fc2,685e2ba4fc13ae2323fa1692,55,4606.56,253360.8
685e2c32fc13ae349cfa1027,685e2b39fc13ae31defa0fc3,685e2ba4fc13ae2323fa162c,159,6804.27,1081878.93
685e2c32fc13ae349cfa1028,685e2b39fc13ae31defa0fc4,685e2ba4fc13ae2323fa14ed,182,2357.62,429086.84
685e2c32fc13ae349cfa1029,685e2b39fc13ae31defa0fc5,685e2ba4fc13ae2323fa1643,48,5921.78,284245.44
685e2c32fc13ae349cfa102a,685e2b39fc13ae31defa0fc6,685e2ba4fc13ae2323fa147d,63,1667.9,105077.7
685e2c32fc13ae349cfa102b,685e2b39fc13ae31defa0fc7,685e2ba4fc13ae2323fa15bf,98,7369.34,722195.32
685e2c32fc13ae349cfa102c,685e2b39fc13ae31defa0fc8,685e2ba4fc13ae2323fa13de,93,7341.65,682773.45
685e2c32fc13ae349cfa102d,685e2b39fc13ae31defa0fc9,685e2ba5fc13ae2323fa1773,175,2572.52,450191.0
685e2c32fc13ae349cfa102e,685e2b39fc13ae31defa0fca,685e2ba4fc13ae2323fa13b6,25,3858.57,96464.25
685e2c32fc13ae349cfa102f,685e2b39fc13ae31defa0fcb,685e2ba4fc13ae2323fa13ba,63,5476.18,344999.34
685e2c32fc13ae349cfa1030,685e2b39fc13ae31defa0fcc,685e2ba4fc13ae2323fa1579,156,4505.05,702787.8
685e2c32fc13ae349cfa1031,685e2b39fc13ae31defa0fcd,685e2ba4fc13ae2323fa156b,193,4672.93,901875.49
685e2c33fc13ae349cfa1032,685e2b39fc13ae31defa0fce,685e2ba4fc13ae2323fa14b8,199,5743.36,1142928.64
685e2c33fc13ae349cfa1033,685e2b39fc13ae31defa0fcf,685e2ba4fc13ae2323fa140e,200,9145.13,1829026.0
685e2c33fc13ae349cfa1034,685e2b39fc13ae31defa0fd0,685e2ba5fc13ae2323fa1767,82,8997.13,737764.66
685e2c33fc13ae349cfa1035,685e2b39fc13ae31defa0fd1,685e2ba4fc13ae2323fa14e7,30,1418.87,42566.1
685e2c33fc13ae349cfa1036,685e2b39fc13ae31defa0fd2,685e2ba4fc13ae2323fa14de,167,9207.03,1537574.01
685e2c33fc13ae349cfa1037,685e2b39fc13ae31defa0fd3,685e2ba4fc13ae2323fa14c3,191,8765.27,1674166.57
685e2c33fc13ae349cfa1038,685e2b39fc13ae31defa0fd4,685e2ba4fc13ae2323fa158e,3,5854.92,17564.76
685e2c33fc13ae349cfa1039,685e2b39fc13ae31defa0fd5,685e2ba4fc13ae2323fa16c8,39,9035.22,352373.58
685e2c33fc13ae349cfa103a,685e2b39fc13ae31defa0fd6,685e2ba4fc13ae2323fa1470,166,4560.84,757099.44
685e2c33fc13ae349cfa103b,685e2b39fc13ae31defa0fd7,685e2ba4fc13ae2323fa14eb,150,6342.29,951343.5
685e2c33fc13ae349cfa103c,685e2b39fc13ae31defa0fd8,685e2ba4fc13ae2323fa1659,28,2587.06,72437.68
685e2c33fc13ae349cfa103d,685e2b39fc13ae31defa0fd9,685e2ba4fc13ae2323fa142a,69,7071.37,487924.53
685e2c33fc13ae349cfa103e,685e2b39fc13ae31defa0fda,685e2ba4fc13ae2323fa13d1,162,9577.82,1551606.84
685e2c33fc13ae349cfa103f,685e2b39fc13ae31defa0fdb,685e2ba4fc13ae2323fa168f,47,1908.42,89695.74
685e2c33fc13ae349cfa1040,685e2b39fc13ae31defa0fdc,685e2ba4fc13ae2323fa1415,3,3496.38,10489.14
685e2c33fc13ae349cfa1041,685e2b39fc13ae31defa0fdd,685e2ba4fc13ae2323fa1459,177,4381.07,775449.39
685e2c33fc13ae349cfa1042,685e2b39fc13ae31defa0fde,685e2ba4fc13ae2323fa16db,180,3589.3,646074.0
685e2c33fc13ae349cfa1043,685e2b39fc13ae31defa0fdf,685e2ba4fc13ae2323fa15b9,78,3387.6,264232.8
685e2c33fc13ae349cfa1044,685e2b39fc13ae31defa0fe0,685e2ba5fc13ae2323fa1789,110,7515.75,826732.5
685e2c33fc13ae349cfa1045,685e2b39fc13ae31defa0fe1,685e2ba4fc13ae2323fa142a,137,7385.9,1011868.3
685e2c33fc13ae349cfa1046,685e2b39fc13ae31defa0fe2,685e2ba4fc13ae2323fa152f,120,5684.59,682150.8
685e2c33fc13ae349cfa1047,685e2b39fc13ae31defa0fe3,685e2ba4fc13ae2323fa16a0,37,3510.52,129889.24
685e2c33fc13ae349cfa1048,685e2b39fc13ae31defa0fe4,685e2ba4fc13ae2323fa13a7,2,3836.2,7672.4
685e2c33fc13ae349cfa1049,685e2b39fc13ae31defa0fe5,685e2ba4fc13ae2323fa1531,85,6854.49,582631.65
685e2c33fc13ae349cfa104a,685e2b39fc13ae31defa0fe6,685e2ba4fc13ae2323fa1480,133,938.67,124843.11
685e2c33fc13ae349cfa104b,685e2b39fc13ae31defa0fe7,685e2ba4fc13ae2323fa1621,96,5611.76,538728.96
685e2c33fc13ae349cfa104c,685e2b39fc13ae31defa0fe8,685e2ba4fc13ae2323fa16c0,99,6078.36,601757.64
685e2c33fc13ae349cfa104d,685e2b39fc13ae31defa0fe9,685e2ba4fc13ae2323fa13de,107,5025.32,537709.24
685e2c33fc13ae349cfa104e,685e2b39fc13ae31defa0fea,685e2ba4fc13ae2323fa13ec,87,7641.86,664841.82
685e2c33fc13ae349cfa104f,685e2b39fc13ae31defa0feb,685e2ba4fc13ae2323fa15d7,17,2215.76,37667.92
685e2c33fc13ae349cfa1050,685e2b39fc13ae31defa0fec,685e2ba5fc13ae2323fa1725,167,4058.81,677821.27
685e2c33fc13ae349cfa1051,685e2b39fc13ae31defa0fed,685e2ba4fc13ae2323fa150a,154,7497.17,1154564.18
685e2c33fc13ae349cfa1052,685e2b39fc13ae31defa0fee,685e2ba4fc13ae2323fa15ca,30,1989.77,59693.1
685e2c33fc13ae349cfa1053,685e2b39fc13ae31defa0fef,685e2ba4fc13ae2323fa1405,185,5192.8,960668.0
685e2c33fc13ae349cfa1054,685e2b39fc13ae31defa0ff0,685e2ba4fc13ae2323fa1681,158,1400.45,221271.1
685e2c33fc13ae349cfa1055,685e2b39fc13ae31defa0ff1,685e2ba4fc13ae2323fa1507,65,5256.62,341680.3
685e2c33fc13ae349cfa1056,685e2b39fc13ae31defa0ff2,685e2ba4fc13ae2323fa14b9,76,2631.51,199994.76
685e2c33fc13ae349cfa1057,685e2b39fc13ae31defa0ff3,685e2ba5fc13ae2323fa174c,162,7310.46,1184294.52
685e2c33fc13ae349cfa1058,685e2b39fc13ae31defa0ff4,685e2ba4fc13ae2323fa13e4,43,9231.32,396946.76
685e2c33fc13ae349cfa1059,685e2b39fc13ae31defa0ff5,685e2ba4fc13ae2323fa1664,172,5296.29,910961.88
685e2c33fc13ae349cfa105a,685e2b39fc13ae31defa0ff6,685e2ba4fc13ae2323fa140b,194,3355.61,650988.34
685e2c33fc13ae349cfa105b,685e2b39fc13ae31defa0ff7,685e2ba4fc13ae2323fa13a8,14,1455.87,20382.18
685e2c33fc13ae349cfa105c,685e2b39fc13ae31defa0ff8,685e2ba4fc13ae2323fa1432,147,7716.39,1134309.33
685e2c33fc13ae349cfa105d,685e2b39fc13ae31defa0ff9,685e2ba4fc13ae2323fa1433,21,7998.4,167966.4
685e2c33fc13ae349cfa105e,685e2b39fc13ae31defa0ffa,685e2ba4fc13ae2323fa1471,111,7009.22,778023.42
685e2c33fc13ae349cfa105f,685e2b39fc13ae31defa0ffb,685e2ba4fc13ae2323fa15a6,13,1054.44,13707.72
685e2c33fc13ae349cfa1060,685e2b39fc13ae31defa0ffc,685e2ba4fc13ae2323fa14a5,113,9299.08,1050796.04
685e2c33fc13ae349cfa1061,685e2b39fc13ae31defa0ffd,685e2ba4fc13ae2323fa149f,87,1456.65,126728.55
685e2c33fc13ae349cfa1062,685e2b39fc13ae31defa0ffe,685e2ba5fc13ae2323fa16fc,35,6692.63,234242.05
685e2c33fc13ae349cfa1063,685e2b39fc13ae31defa0fff,685e2ba4fc13ae2323fa16c3,124,2787.89,345698.36
685e2c33fc13ae349cfa1064,685e2b39fc13ae31defa1000,685e2ba4fc13ae2323fa152e,82,9680.11,793769.02
685e2c33fc13ae349cfa1065,685e2b39fc13ae31defa1001,685e2ba4fc13ae2323fa167d,68,9716.04,660690.72
685e2c33fc13ae349cfa1066,685e2b39fc13ae31defa1002,685e2ba4fc13ae2323fa14ae,154,4868.73,749784.42
685e2c33fc13ae349cfa1067,685e2b39fc13ae31defa1003,685e2ba4fc13ae2323fa1459,41,6792.78,278503.98
685e2c33fc13ae349cfa1068,685e2b39fc13ae31defa1004,685e2ba4fc13ae2323fa13ab,134,4057.52,543707.68
685e2c33fc13ae349cfa1069,685e2b39fc13ae31defa1005,685e2ba4fc13ae2323fa16bb,37,4941.53,182836.61
685e2c33fc13ae349cfa106a,685e2b39fc13ae31defa1006,685e2ba4fc13ae2323fa14ed,54,2037.77,110039.58
685e2c33fc13ae349cfa106b,685e2b39fc13ae31defa1007,685e2ba4fc13ae2323fa148c,46,4645.83,213708.18
685e2c33fc13ae349cfa106c,685e2b39fc13ae31defa1008,685e2ba4fc13ae2323fa16e0,74,4042.06,299112.44
685e2c33fc13ae349cfa106d,685e2b39fc13ae31defa1009,685e2ba4fc13ae2323fa14a9,194,4307.74,835701.56
685e2c33fc13ae349cfa106e,685e2b39fc13ae31defa100a,685e2ba4fc13ae2323fa1687,55,2384.61,131153.55
685e2c33fc13ae349cfa106f,685e2b39fc13ae31defa100b,685e2ba4fc13ae2323fa14fa,27,3730.6,100726.2
685e2c33fc13ae349cfa1070,685e2b39fc13ae31defa100c,685e2ba4fc13ae2323fa1479,123,1439.48,177056.04
685e2c33fc13ae349cfa1071,685e2b39fc13ae31defa100d,685e2ba4fc13ae2323fa13fe,132,1168.96,154302.72
685e2c33fc13ae349cfa1072,685e2b39fc13ae31defa100e,685e2ba4fc13ae2323fa14b5,23,7729.0,177767.0
685e2c33fc13ae349cfa1073,685e2b39fc13ae31defa100f,685e2ba4fc13ae2323fa1404,159,5359.56,852170.04
685e2c33fc13ae349cfa1074,685e2b39fc13ae31defa1010,685e2ba5fc13ae2323fa1711,61,3737.29,227974.69
685e2c33fc13ae349cfa1075,685e2b39fc13ae31defa1011,685e2ba4fc13ae2323fa1554,106,8016.35,849733.1
685e2c33fc13ae349cfa1076,685e2b39fc13ae31defa1012,685e2ba4fc13ae2323fa1459,178,7397.81,1316810.18
685e2c33fc13ae349cfa1077,685e2b39fc13ae31defa1013,685e2ba5fc13ae2323fa16ec,143,4684.88,669937.84
685e2c33fc13ae349cfa1078,685e2b39fc13ae31defa1014,685e2ba4fc13ae2323fa163a,94,6740.79,633634.26
685e2c33fc13ae349cfa1079,685e2b39fc13ae31defa1015,685e2ba4fc13ae2323fa16d2,14,3826.79,53575.06
685e2c33fc13ae349cfa107a,685e2b39fc13ae31defa1016,685e2ba4fc13ae2323fa1454,179,4309.56,771411.24
685e2c33fc13ae349cfa107b,685e2b39fc13ae31defa1017,685e2ba4fc13ae2323fa15e8,129,3123.57,402940.53
685e2c33fc13ae349cfa107c,685e2b39fc13ae31defa1018,685e2ba4fc13ae2323fa14ed,188,2216.54,416709.52
685e2c33fc13ae349cfa107d,685e2b39fc13ae31defa1019,685e2ba5fc13ae2323fa16f0,177,4481.3,793190.1
685e2c33fc13ae349cfa107e,685e2b39fc13ae31defa101a,685e2ba4fc13ae2323fa145d,180,7866.98,1416056.4
685e2c33fc13ae349cfa107f,685e2b39fc13ae31defa101b,685e2ba4fc13ae2323fa13f6,34,6722.15,228553.1
685e2c33fc13ae349cfa1080,685e2b39fc13ae31defa101c,685e2ba4fc13ae2323fa148c,68,8485.67,577025.56
685e2c33fc13ae349cfa1081,685e2b39fc13ae31defa101d,685e2ba4fc13ae2323fa14ec,186,1243.91,231367.26
685e2c33fc13ae349cfa1082,685e2b39fc13ae31defa101e,685e2ba4fc13ae2323fa15e6,133,6020.57,800735.81
685e2c33fc13ae349cfa1083,685e2b39fc13ae31defa101f,685e2ba4fc13ae2323fa160a,155,6161.23,954990.65
685e2c33fc13ae349cfa1084,685e2b39fc13ae31defa1020,685e2ba4fc13ae2323fa169b,77,6821.12,525226.24
685e2c33fc13ae349cfa1085,685e2b39fc13ae31defa1021,685e2ba5fc13ae2323fa172d,64,2908.3,186131.2
685e2c33fc13ae349cfa1086,685e2b39fc13ae31defa1022,685e2ba4fc13ae2323fa1522,176,2923.51,514537.76
685e2c33fc13ae349cfa1087,685e2b39fc13ae31defa1023,685e2ba4fc13ae2323fa168b,86,1569.87,135008.82
685e2c33fc13ae349cfa1088,685e2b39fc13ae31defa1024,685e2ba4fc13ae2323fa1464,90,6649.82,598483.8
685e2c33fc13ae349cfa1089,685e2b39fc13ae31defa1025,685e2ba5fc13ae2323fa177d,191,9826.04,1876773.64
685e2c33fc13ae349cfa108a,685e2b39fc13ae31defa1026,685e2ba4fc13ae2323fa15ad,49,1082.19,53027.31
685e2c33fc13ae349cfa108b,685e2b39fc13ae31defa1027,685e2ba4fc13ae2323fa152e,84,8671.66,728419.44
685e2c33fc13ae349cfa108c,685e2b39fc13ae31defa1028,685e2ba4fc13ae2323fa15d6,107,1843.46,197250.22
685e2c33fc13ae349cfa108d,685e2b39fc13ae31defa1029,685e2ba4fc13ae2323fa1668,71,259.45,18420.95
685e2c33fc13ae349cfa108e,685e2b39fc13ae31defa102a,685e2ba4fc13ae2323fa15ea,62,4696.34,291173.08
685e2c33fc13ae349cfa108f,685e2b39fc13ae31defa102b,685e2ba4fc13ae2323fa15cc,200,3629.72,725944.0
685e2c33fc13ae349cfa1090,685e2b39fc13ae31defa102c,685e2ba4fc13ae2323fa149c,141,1612.06,227300.46
685e2c33fc13ae349cfa1091,685e2b39fc13ae31defa102d,685e2ba4fc13ae2323fa1458,129,8506.79,1097375.91
685e2c33fc13ae349cfa1092,685e2b39fc13ae31defa102e,685e2ba4fc13ae2323fa13fd,72,1142.26,82242.72
685e2c33fc13ae349cfa1093,685e2b39fc13ae31defa102f,685e2ba4fc13ae2323fa16c9,148,7616.28,1127209.44
685e2c33fc13ae349cfa1094,685e2b39fc13ae31defa1030,685e2ba5fc13ae2323fa1778,147,2556.29,375774.63
685e2c33fc13ae349cfa1095,685e2b39fc13ae31defa1031,685e2ba4fc13ae2323fa1682,69,2968.57,204831.33
685e2c33fc13ae349cfa1096,685e2b39fc13ae31defa1032,685e2ba4fc13ae2323fa146a,54,7019.21,379037.34
685e2c33fc13ae349cfa1097,685e2b39fc13ae31defa1033,685e2ba5fc13ae2323fa1751,170,9081.38,1543834.6
685e2c33fc13ae349cfa1098,685e2b39fc13ae31defa1034,685e2ba4fc13ae2323fa16a8,3,8547.17,25641.51
685e2c33fc13ae349cfa1099,685e2b39fc13ae31defa1035,685e2ba4fc13ae2323fa146d,33,594.52,19619.16
685e2c33fc13ae349cfa109a,685e2b39fc13ae31defa1036,685e2ba4fc13ae2323fa1615,1,2568.41,2568.41
685e2c33fc13ae349cfa109b,685e2b39fc13ae31defa1037,685e2ba4fc13ae2323fa1426,19,8667.91,164690.29
685e2c33fc13ae349cfa109c,685e2b39fc13ae31defa1038,685e2ba4fc13ae2323fa156b,3,2901.42,8704.26
685e2c33fc13ae349cfa109d,685e2b39fc13ae31defa1039,685e2ba4fc13ae2323fa16a6,140,6309.78,883369.2
685e2c33fc13ae349cfa109e,685e2b39fc13ae31defa103a,685e2ba4fc13ae2323fa164c,196,6241.3,1223294.8
685e2c33fc13ae349cfa109f,685e2b39fc13ae31defa103b,685e2ba4fc13ae2323fa1576,50,5325.06,266253.0
685e2c33fc13ae349cfa10a0,685e2b39fc13ae31defa103c,685e2ba4fc13ae2323fa141c,143,7513.01,1074360.43
685e2c33fc13ae349cfa10a1,685e2b39fc13ae31defa103d,685e2ba4fc13ae2323fa13e6,122,8489.86,1035762.92
685e2c33fc13ae349cfa10a2,685e2b39fc13ae31defa103e,685e2ba4fc13ae2323fa146b,198,442.68,87650.64
685e2c33fc13ae349cfa10a3,685e2b39fc13ae31defa103f,685e2ba4fc13ae2323fa166e,109,9046.77,986097.93
685e2c33fc13ae349cfa10a4,685e2b39fc13ae31defa1040,685e2ba4fc13ae2323fa1443,102,6297.1,642304.2
685e2c33fc13ae349cfa10a5,685e2b39fc13ae31defa1041,685e2ba4fc13ae2323fa161c,167,2741.29,457795.43
685e2c33fc13ae349cfa10a6,685e2b39fc13ae31defa1042,685e2ba4fc13ae2323fa14f0,108,9597.33,1036511.64
685e2c33fc13ae349cfa10a7,685e2b39fc13ae31defa1043,685e2ba4fc13ae2323fa13b9,143,4798.74,686219.82
685e2c33fc13ae349cfa10a8,685e2b39fc13ae31defa1044,685e2ba4fc13ae2323fa1503,154,6339.98,976356.92
685e2c33fc13ae349cfa10a9,685e2b39fc13ae31defa1045,685e2ba5fc13ae2323fa1783,88,3540.17,311534.96
685e2c33fc13ae349cfa10aa,685e2b39fc13ae31defa1046,685e2ba5fc13ae2323fa1756,70,6929.53,485067.1
685e2c33fc13ae349cfa10ab,685e2b39fc13ae31defa1047,685e2ba4fc13ae2323fa15ca,198,1290.29,255477.42
685e2c33fc13ae349cfa10ac,685e2b39fc13ae31defa1048,685e2ba4fc13ae2323fa1555,139,781.31,108602.09
685e2c33fc13ae349cfa10ad,685e2b39fc13ae31defa1049,685e2ba4fc13ae2323fa13c5,95,754.93,71718.35
685e2c33fc13ae349cfa10ae,685e2b39fc13ae31defa104a,685e2ba4fc13ae2323fa1543,49,5351.89,262242.61
685e2c33fc13ae349cfa10af,685e2b39fc13ae31defa104b,685e2ba4fc13ae2323fa15e9,159,993.5,157966.5
685e2c33fc13ae349cfa10b0,685e2b39fc13ae31defa104c,685e2ba4fc13ae2323fa16b2,186,1635.77,304253.22
685e2c33fc13ae349cfa10b1,685e2b39fc13ae31defa104d,685e2ba5fc13ae2323fa1789,172,7560.05,1300328.6
685e2c33fc13ae349cfa10b2,685e2b39fc13ae31defa104e,685e2ba4fc13ae2323fa1482,148,7258.08,1074195.84
685e2c33fc13ae349cfa10b3,685e2b39fc13ae31defa104f,685e2ba4fc13ae2323fa14c9,24,4578.69,109888.56
685e2c33fc13ae349cfa10b4,685e2b39fc13ae31defa1050,685e2ba4fc13ae2323fa150e,20,8327.67,166553.4
685e2c33fc13ae349cfa10b5,685e2b39fc13ae31defa1051,685e2ba4fc13ae2323fa1472,199,7539.51,1500362.49
685e2c33fc13ae349cfa10b6,685e2b39fc13ae31defa1052,685e2ba4fc13ae2323fa159c,16,8709.83,139357.28
685e2c33fc13ae349cfa10b7,685e2b39fc13ae31defa1053,685e2ba4fc13ae2323fa14a5,97,8250.03,800252.91
685e2c33fc13ae349cfa10b8,685e2b39fc13ae31defa1054,685e2ba5fc13ae2323fa177d,50,7835.29,391764.5
685e2c33fc13ae349cfa10b9,685e2b39fc13ae31defa1055,685e2ba4fc13ae2323fa13cd,28,7421.96,207814.88
685e2c33fc13ae349cfa10ba,685e2b39fc13ae31defa1056,685e2ba4fc13ae2323fa15e4,28,1018.31,28512.68
685e2c33fc13ae349cfa10bb,685e2b39fc13ae31defa1057,685e2ba4fc13ae2323fa16dd,198,4823.53,955058.94
685e2c33fc13ae349cfa10bc,685e2b39fc13ae31defa1058,685e2ba4fc13ae2323fa15ab,105,2443.85,256604.25
685e2c33fc13ae349cfa10bd,685e2b39fc13ae31defa1059,685e2ba4fc13ae2323fa161f,177,6620.45,1171819.65
685e2c33fc13ae349cfa10be,685e2b39fc13ae31defa105a,685e2ba4fc13ae2323fa15ac,51,7377.84,376269.84
685e2c33fc13ae349cfa10bf,685e2b39fc13ae31defa105b,685e2ba4fc13ae2323fa1675,7,4102.99,28720.93
685e2c33fc13ae349cfa10c0,685e2b39fc13ae31defa105c,685e2ba4fc13ae2323fa14f1,185,5133.62,949719.7
685e2c33fc13ae349cfa10c1,685e2b39fc13ae31defa105d,685e2ba4fc13ae2323fa15b6,65,9857.63,640745.95
685e2c33fc13ae349cfa10c2,685e2b39fc13ae31defa105e,685e2ba4fc13ae2323fa1552,45,3104.65,139709.25
685e2c33fc13ae349cfa10c3,685e2b39fc13ae31defa105f,685e2ba4fc13ae2323fa13d7,145,7042.1,1021104.5
685e2c33fc13ae349cfa10c4,685e2b39fc13ae31defa1060,685e2ba4fc13ae2323fa1617,161,3340.04,537746.44
685e2c33fc13ae349cfa10c5,685e2b39fc13ae31defa1061,685e2ba4fc13ae2323fa150b,136,372.37,50642.32
685e2c33fc13ae349cfa10c6,685e2b39fc13ae31defa1062,685e2ba4fc13ae2323fa156b,7,885.93,6201.51
685e2c33fc13ae349cfa10c7,685e2b39fc13ae31defa1063,685e2ba4fc13ae2323fa16e0,85,1957.62,166397.7
685e2c33fc13ae349cfa10c8,685e2b39fc13ae31defa1064,685e2ba5fc13ae2323fa1708,14,3901.72,54624.08
685e2c33fc13ae349cfa10c9,685e2b39fc13ae31defa1065,685e2ba4fc13ae2323fa15bf,46,1921.11,88371.06
685e2c33fc13ae349cfa10ca,685e2b39fc13ae31defa1066,685e2ba4fc13ae2323fa144d,138,9940.19,1371746.22
685e2c33fc13ae349cfa10cb,685e2b39fc13ae31defa1067,685e2ba4fc13ae2323fa161c,106,6761.12,716678.72
685e2c33fc13ae349cfa10cc,685e2b39fc13ae31defa1068,685e2ba4fc13ae2323fa15ed,99,6767.76,670008.24
685e2c33fc13ae349cfa10cd,685e2b39fc13ae31defa1069,685e2ba4fc13ae2323fa151e,64,9830.24,629135.36
685e2c33fc13ae349cfa10ce,685e2b39fc13ae31defa106a,685e2ba4fc13ae2323fa15dd,29,3579.52,103806.08
685e2c33fc13ae349cfa10cf,685e2b39fc13ae31defa106b,685e2ba4fc13ae2323fa157b,112,5080.38,569002.56
685e2c33fc13ae349cfa10d0,685e2b39fc13ae31defa106c,685e2ba4fc13ae2323fa1509,105,2735.3,287206.5
685e2c33fc13ae349cfa10d1,685e2b39fc13ae31defa106d,685e2ba4fc13ae2323fa14cf,112,7042.71,788783.52
685e2c33fc13ae349cfa10d2,685e2b39fc13ae31defa106e,685e2ba4fc13ae2323fa147e,86,4222.24,363112.64
685e2c33fc13ae349cfa10d3,685e2b39fc13ae31defa106f,685e2ba4fc13ae2323fa1600,115,9349.01,1075136.15
685e2c33fc13ae349cfa10d4,685e2b39fc13ae31defa1070,685e2ba4fc13ae2323fa1570,55,5758.89,316738.95
685e2c33fc13ae349cfa10d5,685e2b39fc13ae31defa1071,685e2ba4fc13ae2323fa148f,50,8636.04,431802.0
685e2c33fc13ae349cfa10d6,685e2b39fc13ae31defa1072,685e2ba4fc13ae2323fa146e,79,2797.25,220982.75
685e2c33fc13ae349cfa10d7,685e2b39fc13ae31defa1073,685e2ba4fc13ae2323fa149e,162,6727.52,1089858.24
685e2c33fc13ae349cfa10d8,685e2b39fc13ae31defa1074,685e2ba4fc13ae2323fa1626,103,6856.33,706201.99
685e2c33fc13ae349cfa10d9,685e2b39fc13ae31defa1075,685e2ba4fc13ae2323fa14dc,133,5196.89,691186.37
685e2c33fc13ae349cfa10da,685e2b39fc13ae31defa1076,685e2ba5fc13ae2323fa176c,87,8764.08,762474.96
685e2c33fc13ae349cfa10db,685e2b39fc13ae31defa1077,685e2ba4fc13ae2323fa14cc,191,4943.34,944177.94
685e2c33fc13ae349cfa10dc,685e2b39fc13ae31defa1078,685e2ba5fc13ae2323fa1705,77,9916.09,763538.93
685e2c33fc13ae349cfa10dd,685e2b39fc13ae31defa1079,685e2ba4fc13ae2323fa16cc,129,8801.36,1135375.44
685e2c33fc13ae349cfa10de,685e2b39fc13ae31defa107a,685e2ba4fc13ae2323fa14ad,192,7102.38,1363656.96
685e2c33fc13ae349cfa10df,685e2b39fc13ae31defa107b,685e2ba4fc13ae2323fa167a,18,1789.26,32206.68
685e2c33fc13ae349cfa10e0,685e2b39fc13ae31defa107c,685e2ba4fc13ae2323fa160f,195,6098.67,1189240.65
685e2c33fc13ae349cfa10e1,685e2b39fc13ae31defa107d,685e2ba4fc13ae2323fa16d3,183,65.51,11988.33
685e2c33fc13ae349cfa10e2,685e2b39fc13ae31defa107e,685e2ba4fc13ae2323fa13cc,169,895.73,151378.37
685e2c33fc13ae349cfa10e3,685e2b39fc13ae31defa107f,685e2ba4fc13ae2323fa143a,56,9801.21,548867.76
685e2c33fc13ae349cfa10e4,685e2b39fc13ae31defa1080,685e2ba4fc13ae2323fa16e0,73,1599.16,116738.68
685e2c33fc13ae349cfa10e5,685e2b39fc13ae31defa1081,685e2ba5fc13ae2323fa1754,169,2863.4,483914.6
685e2c33fc13ae349cfa10e6,685e2b39fc13ae31defa1082,685e2ba5fc13ae2323fa1735,14,1943.49,27208.86
685e2c33fc13ae349cfa10e7,685e2b39fc13ae31defa1083,685e2ba5fc13ae2323fa16eb,35,8444.33,295551.55
685e2c33fc13ae349cfa10e8,685e2b39fc13ae31defa1084,685e2ba5fc13ae2323fa16ef,158,6514.58,1029303.64
685e2c33fc13ae349cfa10e9,685e2b39fc13ae31defa1085,685e2ba4fc13ae2323fa13fc,138,1442.02,198998.76
685e2c33fc13ae349cfa10ea,685e2b39fc13ae31defa1086,685e2ba4fc13ae2323fa14da,4,5843.79,23375.16
685e2c33fc13ae349cfa10eb,685e2b39fc13ae31defa1087,685e2ba4fc13ae2323fa16c3,7,7898.33,55288.31
685e2c33fc13ae349cfa10ec,685e2b39fc13ae31defa1088,685e2ba5fc13ae2323fa1743,75,8605.17,645387.75
685e2c33fc13ae349cfa10ed,685e2b39fc13ae31defa1089,685e2ba4fc13ae2323fa165b,10,63.09,630.9
685e2c33fc13ae349cfa10ee,685e2b39fc13ae31defa108a,685e2ba4fc13ae2323fa14f4,191,9012.87,1721458.17
685e2c33fc13ae349cfa10ef,685e2b39fc13ae31defa108b,685e2ba4fc13ae2323fa1497,53,1898.48,100619.44
685e2c33fc13ae349cfa10f0,685e2b39fc13ae31defa108c,685e2ba4fc13ae2323fa1667,153,9329.69,1427442.57
685e2c33fc13ae349cfa10f1,685e2b39fc13ae31defa108d,685e2ba4fc13ae2323fa1654,112,5441.88,609490.56
685e2c33fc13ae349cfa10f2,685e2b39fc13ae31defa108e,685e2ba4fc13ae2323fa1549,182,4061.47,739187.54
685e2c33fc13ae349cfa10f3,685e2b39fc13ae31defa108f,685e2ba5fc13ae2323fa1768,57,9706.82,553288.74
685e2c33fc13ae349cfa10f4,685e2b39fc13ae31defa1090,685e2ba4fc13ae2323fa1488,170,5885.9,1000603.0
685e2c33fc13ae349cfa10f5,685e2b39fc13ae31defa1091,685e2ba5fc13ae2323fa170b,152,8185.53,1244200.56
685e2c33fc13ae349cfa10f6,685e2b39fc13ae31defa1092,685e2ba4fc13ae2323fa164f,174,13.58,2362.92
685e2c33fc13ae349cfa10f7,685e2b39fc13ae31defa1093,685e2ba5fc13ae2323fa16ed,153,817.5,125077.5
685e2c33fc13ae349cfa10f8,685e2b39fc13ae31defa1094,685e2ba4fc13ae2323fa1557,179,4145.34,742015.86
685e2c33fc13ae349cfa10f9,685e2b39fc13ae31defa1095,685e2ba5fc13ae2323fa175f,188,5891.22,1107549.36
685e2c33fc13ae349cfa10fa,685e2b39fc13ae31defa1096,685e2ba4fc13ae2323fa15eb,114,5550.61,632769.54
685e2c34fc13ae349cfa10fb,685e2b39fc13ae31defa1097,685e2ba5fc13ae2323fa16e4,88,3296.12,290058.56
685e2c34fc13ae349cfa10fc,685e2b39fc13ae31defa1098,685e2ba4fc13ae2323fa1665,105,8355.06,877281.3
685e2c34fc13ae349cfa10fd,685e2b39fc13ae31defa1099,685e2ba4fc13ae2323fa1406,30,8932.64,267979.2
685e2c34fc13ae349cfa10fe,685e2b39fc13ae31defa109a,685e2ba4fc13ae2323fa145c,74,1254.84,92858.16
685e2c34fc13ae349cfa10ff,685e2b39fc13ae31defa109b,685e2ba5fc13ae2323fa16f5,30,4619.66,138589.8
685e2c34fc13ae349cfa1100,685e2b39fc13ae31defa109c,685e2ba4fc13ae2323fa144e,16,7235.65,115770.4
685e2c34fc13ae349cfa1101,685e2b39fc13ae31defa109d,685e2ba5fc13ae2323fa16ea,8,6481.71,51853.68
685e2c34fc13ae349cfa1102,685e2b39fc13ae31defa109e,685e2ba4fc13ae2323fa13e1,146,6808.38,994023.48
685e2c34fc13ae349cfa1103,685e2b39fc13ae31defa109f,685e2ba5fc13ae2323fa171a,127,9917.55,1259528.85
685e2c34fc13ae349cfa1104,685e2b39fc13ae31defa10a0,685e2ba4fc13ae2323fa16c0,87,6310.13,548981.31
685e2c34fc13ae349cfa1105,685e2b39fc13ae31defa10a1,685e2ba5fc13ae2323fa175b,60,2357.0,141420.0
685e2c34fc13ae349cfa1106,685e2b39fc13ae31defa10a2,685e2ba4fc13ae2323fa150f,184,2232.72,410820.48
685e2c34fc13ae349cfa1107,685e2b39fc13ae31defa10a3,685e2ba4fc13ae2323fa162d,108,4518.91,488042.28
685e2c34fc13ae349cfa1108,685e2b39fc13ae31defa10a4,685e2ba5fc13ae2323fa171e,35,1249.61,43736.35
685e2c34fc13ae349cfa1109,685e2b39fc13ae31defa10a5,685e2ba4fc13ae2323fa1642,146,2214.42,323305.32
685e2c34fc13ae349cfa110a,685e2b39fc13ae31defa10a6,685e2ba4fc13ae2323fa162a,96,335.53,32210.88
685e2c34fc13ae349cfa110b,685e2b39fc13ae31defa10a7,685e2ba4fc13ae2323fa1436,117,498.61,58337.37
685e2c34fc13ae349cfa110c,685e2b39fc13ae31defa10a8,685e2ba4fc13ae2323fa1593,42,4350.45,182718.9
685e2c34fc13ae349cfa110d,685e2b39fc13ae31defa10a9,685e2ba4fc13ae2323fa1411,127,977.48,124139.96
685e2c34fc13ae349cfa110e,685e2b39fc13ae31defa10aa,685e2ba5fc13ae2323fa171a,6,5994.46,35966.76
685e2c34fc13ae349cfa110f,685e2b39fc13ae31defa10ab,685e2ba4fc13ae2323fa1551,5,7483.51,37417.55
685e2c34fc13ae349cfa1110,685e2b39fc13ae31defa10ac,685e2ba4fc13ae2323fa15e4,13,2462.88,32017.44
685e2c34fc13ae349cfa1111,685e2b39fc13ae31defa10ad,685e2ba4fc13ae2323fa1605,47,9171.61,431065.67
685e2c34fc13ae349cfa1112,685e2b39fc13ae31defa10ae,685e2ba4fc13ae2323fa143b,164,2217.84,363725.76
685e2c34fc13ae349cfa1113,685e2b39fc13ae31defa10af,685e2ba4fc13ae2323fa150c,141,4001.94,564273.54
685e2c34fc13ae349cfa1114,685e2b39fc13ae31defa10b0,685e2ba4fc13ae2323fa1631,147,7873.93,1157467.71
685e2c34fc13ae349cfa1115,685e2b39fc13ae31defa10b1,685e2ba4fc13ae2323fa16c2,70,9997.94,699855.8
685e2c34fc13ae349cfa1116,685e2b39fc13ae31defa10b2,685e2ba4fc13ae2323fa1452,7,4835.72,33850.04
685e2c34fc13ae349cfa1117,685e2b39fc13ae31defa10b3,685e2ba4fc13ae2323fa14a2,25,8828.93,220723.25
685e2c34fc13ae349cfa1118,685e2b39fc13ae31defa10b4,685e2ba4fc13ae2323fa15df,17,2821.4,47963.8
685e2c34fc13ae349cfa1119,685e2b39fc13ae31defa10b5,685e2ba4fc13ae2323fa168a,51,7503.73,382690.23
685e2c34fc13ae349cfa111a,685e2b39fc13ae31defa10b6,685e2ba4fc13ae2323fa13b7,176,491.89,86572.64
685e2c34fc13ae349cfa111b,685e2b39fc13ae31defa10b7,685e2ba4fc13ae2323fa13e7,115,6203.97,713456.55
685e2c34fc13ae349cfa111c,685e2b39fc13ae31defa10b8,685e2ba4fc13ae2323fa16b5,141,917.42,129356.22
685e2c34fc13ae349cfa111d,685e2b39fc13ae31defa10b9,685e2ba5fc13ae2323fa16f4,151,5096.76,769610.76
685e2c34fc13ae349cfa111e,685e2b39fc13ae31defa10ba,685e2ba4fc13ae2323fa1491,140,6573.28,920259.2
685e2c34fc13ae349cfa111f,685e2b39fc13ae31defa10bb,685e2ba4fc13ae2323fa16c2,160,6634.6,1061536.0
685e2c34fc13ae349cfa1120,685e2b39fc13ae31defa10bc,685e2ba4fc13ae2323fa157e,38,3033.03,115255.14
685e2c34fc13ae349cfa1121,685e2b39fc13ae31defa10bd,685e2ba4fc13ae2323fa1685,144,1115.03,160564.32
685e2c34fc13ae349cfa1122,685e2b39fc13ae31defa10be,685e2ba4fc13ae2323fa1657,142,5619.14,797917.88
685e2c34fc13ae349cfa1123,685e2b39fc13ae31defa10bf,685e2ba4fc13ae2323fa13bf,134,3240.88,434277.92
685e2c34fc13ae349cfa1124,685e2b39fc13ae31defa10c0,685e2ba4fc13ae2323fa166d,136,7950.8,1081308.8
685e2c34fc13ae349cfa1125,685e2b39fc13ae31defa10c1,685e2ba4fc13ae2323fa166f,134,5114.7,685369.8
685e2c34fc13ae349cfa1126,685e2b39fc13ae31defa10c2,685e2ba4fc13ae2323fa14f5,140,1941.73,271842.2
685e2c34fc13ae349cfa1127,685e2b39fc13ae31defa10c3,685e2ba4fc13ae2323fa147c,174,2713.96,472229.04
685e2c34fc13ae349cfa1128,685e2b39fc13ae31defa10c4,685e2ba4fc13ae2323fa1555,137,7119.55,975378.35
685e2c34fc13ae349cfa1129,685e2b39fc13ae31defa10c5,685e2ba5fc13ae2323fa1781,177,5486.51,971112.27
685e2c34fc13ae349cfa112a,685e2b39fc13ae31defa10c6,685e2ba5fc13ae2323fa1771,92,7869.75,724017.0
685e2c34fc13ae349cfa112b,685e2b39fc13ae31defa10c7,685e2ba4fc13ae2323fa15d8,193,8102.11,1563707.23
685e2c34fc13ae349cfa112c,685e2b39fc13ae31defa10c8,685e2ba4fc13ae2323fa148e,106,1853.08,196426.48
685e2c34fc13ae349cfa112d,685e2b39fc13ae31defa10c9,685e2ba4fc13ae2323fa14cf,6,672.23,4033.38
685e2c34fc13ae349cfa112e,685e2b39fc13ae31defa10ca,685e2ba4fc13ae2323fa1494,80,2586.18,206894.4
685e2c34fc13ae349cfa112f,685e2b39fc13ae31defa10cb,685e2ba4fc13ae2323fa16a1,165,7461.56,1231157.4
685e2c34fc13ae349cfa1130,685e2b39fc13ae31defa10cc,685e2ba4fc13ae2323fa13b6,39,7501.26,292549.14
685e2c34fc13ae349cfa1131,685e2b39fc13ae31defa10cd,685e2ba4fc13ae2323fa13da,150,3011.95,451792.5
685e2c34fc13ae349cfa1132,685e2b39fc13ae31defa10ce,685e2ba4fc13ae2323fa16bf,163,5262.69,857818.47
685e2c34fc13ae349cfa1133,685e2b39fc13ae31defa10cf,685e2ba4fc13ae2323fa13b9,190,1502.86,285543.4
685e2c34fc13ae349cfa1134,685e2b39fc13ae31defa10d0,685e2ba4fc13ae2323fa144f,145,4521.56,655626.2
685e2c34fc13ae349cfa1135,685e2b39fc13ae31defa10d1,685e2ba4fc13ae2323fa15fa,118,5727.06,675793.08
685e2c34fc13ae349cfa1136,685e2b39fc13ae31defa10d2,685e2ba4fc13ae2323fa15d9,153,5671.05,867670.65
685e2c34fc13ae349cfa1137,685e2b39fc13ae31defa10d3,685e2ba5fc13ae2323fa16f8,155,8584.22,1330554.1
685e2c34fc13ae349cfa1138,685e2b39fc13ae31defa10d4,685e2ba4fc13ae2323fa1652,72,8529.79,614144.88
685e2c34fc13ae349cfa1139,685e2b39fc13ae31defa10d5,685e2ba4fc13ae2323fa14b3,147,3511.16,516140.52
685e2c34fc13ae349cfa113a,685e2b39fc13ae31defa10d6,685e2ba5fc13ae2323fa174c,45,7016.17,315727.65
685e2c34fc13ae349cfa113b,685e2b39fc13ae31defa10d7,685e2ba4fc13ae2323fa140f,42,2124.31,89221.02
685e2c34fc13ae349cfa113c,685e2b39fc13ae31defa10d8,685e2ba4fc13ae2323fa15a7,80,6971.87,557749.6
685e2c34fc13ae349cfa113d,685e2b39fc13ae31defa10d9,685e2ba4fc13ae2323fa15c3,84,8252.75,693231.0
685e2c34fc13ae349cfa113e,685e2b39fc13ae31defa10da,685e2ba4fc13ae2323fa1404,180,6415.21,1154737.8
685e2c34fc13ae349cfa113f,685e2b39fc13ae31defa10db,685e2ba4fc13ae2323fa142e,37,6932.66,256508.42
685e2c34fc13ae349cfa1140,685e2b39fc13ae31defa10dc,685e2ba4fc13ae2323fa1660,123,7358.02,905036.46
685e2c34fc13ae349cfa1141,685e2b39fc13ae31defa10dd,685e2ba4fc13ae2323fa13c6,98,8898.0,872004.0
685e2c34fc13ae349cfa1142,685e2b39fc13ae31defa10de,685e2ba4fc13ae2323fa13ad,154,3663.5,564179.0
685e2c34fc13ae349cfa1143,685e2b39fc13ae31defa10df,685e2ba4fc13ae2323fa14b1,130,2903.36,377436.8
685e2c34fc13ae349cfa1144,685e2b39fc13ae31defa10e0,685e2ba4fc13ae2323fa162c,109,2664.67,290449.03
685e2c34fc13ae349cfa1145,685e2b39fc13ae31defa10e1,685e2ba4fc13ae2323fa1542,29,4652.53,134923.37
685e2c34fc13ae349cfa1146,685e2b39fc13ae31defa10e2,685e2ba4fc13ae2323fa1592,116,9139.04,1060128.64
685e2c34fc13ae349cfa1147,685e2b39fc13ae31defa10e3,685e2ba4fc13ae2323fa1478,114,7806.36,889925.04
685e2c34fc13ae349cfa1148,685e2b39fc13ae31defa10e4,685e2ba4fc13ae2323fa140a,159,2939.71,467413.89
685e2c34fc13ae349cfa1149,685e2b39fc13ae31defa10e5,685e2ba4fc13ae2323fa148c,97,8982.87,871338.39
685e2c34fc13ae349cfa114a,685e2b39fc13ae31defa10e6,685e2ba4fc13ae2323fa1590,74,3435.22,254206.28
685e2c34fc13ae349cfa114b,685e2b39fc13ae31defa10e7,685e2ba4fc13ae2323fa152e,162,8522.9,1380709.8
685e2c34fc13ae349cfa114c,685e2b39fc13ae31defa10e8,685e2ba4fc13ae2323fa15ca,174,2410.99,419512.26
685e2c34fc13ae349cfa114d,685e2b39fc13ae31defa10e9,685e2ba4fc13ae2323fa1449,22,4424.3,97334.6
685e2c34fc13ae349cfa114e,685e2b39fc13ae31defa10ea,685e2ba4fc13ae2323fa15c8,55,4670.46,256875.3
685e2c34fc13ae349cfa114f,685e2b39fc13ae31defa10eb,685e2ba4fc13ae2323fa15d9,102,2579.08,263066.16
685e2c34fc13ae349cfa1150,685e2b39fc13ae31defa10ec,685e2ba4fc13ae2323fa16cb,45,9577.02,430965.9
685e2c34fc13ae349cfa1151,685e2b39fc13ae31defa10ed,685e2ba4fc13ae2323fa1495,108,5983.34,646200.72
685e2c34fc13ae349cfa1152,685e2b39fc13ae31defa10ee,685e2ba5fc13ae2323fa16ec,24,7390.24,177365.76
685e2c34fc13ae349cfa1153,685e2b39fc13ae31defa10ef,685e2ba4fc13ae2323fa1604,83,5608.83,465532.89
685e2c34fc13ae349cfa1154,685e2b39fc13ae31defa10f0,685e2ba4fc13ae2323fa167d,80,7844.86,627588.8
685e2c34fc13ae349cfa1155,685e2b39fc13ae31defa10f1,685e2ba4fc13ae2323fa1519,40,8719.97,348798.8
685e2c34fc13ae349cfa1156,685e2b39fc13ae31defa10f2,685e2ba4fc13ae2323fa15f0,91,5438.36,494890.76
685e2c34fc13ae349cfa1157,685e2b39fc13ae31defa10f3,685e2ba5fc13ae2323fa1758,71,6846.22,486081.62
685e2c34fc13ae349cfa1158,685e2b39fc13ae31defa10f4,685e2ba4fc13ae2323fa13c2,20,9590.87,191817.4
685e2c34fc13ae349cfa1159,685e2b39fc13ae31defa10f5,685e2ba4fc13ae2323fa1615,162,3040.79,492607.98
685e2c34fc13ae349cfa115a,685e2b39fc13ae31defa10f6,685e2ba4fc13ae2323fa142a,79,512.93,40521.47
685e2c34fc13ae349cfa115b,685e2b39fc13ae31defa10f7,685e2ba4fc13ae2323fa1474,35,8114.95,284023.25
685e2c34fc13ae349cfa115c,685e2b39fc13ae31defa10f8,685e2ba4fc13ae2323fa1643,9,2622.21,23599.89
685e2c34fc13ae349cfa115d,685e2b39fc13ae31defa10f9,685e2ba4fc13ae2323fa15a9,35,2990.95,104683.25
685e2c34fc13ae349cfa115e,685e2b39fc13ae31defa10fa,685e2ba4fc13ae2323fa13fc,96,3968.37,380963.52
685e2c34fc13ae349cfa115f,685e2b39fc13ae31defa10fb,685e2ba4fc13ae2323fa15a7,4,1913.83,7655.32
685e2c34fc13ae349cfa1160,685e2b39fc13ae31defa10fc,685e2ba5fc13ae2323fa1780,121,1078.7,130522.7
685e2c34fc13ae349cfa1161,685e2b39fc13ae31defa10fd,685e2ba4fc13ae2323fa16b2,63,3826.59,241075.17
685e2c34fc13ae349cfa1162,685e2b39fc13ae31defa10fe,685e2ba5fc13ae2323fa173a,99,6575.23,650947.77
685e2c34fc13ae349cfa1163,685e2b39fc13ae31defa10ff,685e2ba4fc13ae2323fa1586,10,4726.22,47262.2
685e2c34fc13ae349cfa1164,685e2b39fc13ae31defa1100,685e2ba4fc13ae2323fa142a,166,4274.98,709646.68
685e2c34fc13ae349cfa1165,685e2b39fc13ae31defa1101,685e2ba4fc13ae2323fa166c,47,6602.63,310323.61
685e2c34fc13ae349cfa1166,685e2b39fc13ae31defa1102,685e2ba4fc13ae2323fa16cf,49,5482.89,268661.61
685e2c34fc13ae349cfa1167,685e2b39fc13ae31defa1103,685e2ba4fc13ae2323fa14f5,152,5245.68,797343.36
685e2c34fc13ae349cfa1168,685e2b39fc13ae31defa1104,685e2ba5fc13ae2323fa1767,64,5138.21,328845.44
685e2c34fc13ae349cfa1169,685e2b39fc13ae31defa1105,685e2ba4fc13ae2323fa1697,67,2523.6,169081.2
685e2c34fc13ae349cfa116a,685e2b39fc13ae31defa1106,685e2ba4fc13ae2323fa1527,84,9100.66,764455.44
685e2c34fc13ae349cfa116b,685e2b39fc13ae31defa1107,685e2ba4fc13ae2323fa1528,57,5824.61,332002.77
685e2c34fc13ae349cfa116c,685e2b39fc13ae31defa1108,685e2ba4fc13ae2323fa1576,33,7423.37,244971.21
685e2c34fc13ae349cfa116d,685e2b39fc13ae31defa1109,685e2ba5fc13ae2323fa170d,195,5181.48,1010388.6
685e2c34fc13ae349cfa116e,685e2b39fc13ae31defa110a,685e2ba5fc13ae2323fa1713,123,60.01,7381.23
685e2c34fc13ae349cfa116f,685e2b39fc13ae31defa110b,685e2ba4fc13ae2323fa14d5,90,4309.15,387823.5
685e2c34fc13ae349cfa1170,685e2b39fc13ae31defa110c,685e2ba4fc13ae2323fa1425,64,2167.92,138746.88
685e2c34fc13ae349cfa1171,685e2b39fc13ae31defa110d,685e2ba4fc13ae2323fa1691,74,191.56,14175.44
685e2c34fc13ae349cfa1172,685e2b39fc13ae31defa110e,685e2ba5fc13ae2323fa1704,166,2113.66,350867.56
685e2c34fc13ae349cfa1173,685e2b39fc13ae31defa110f,685e2ba4fc13ae2323fa1692,161,7979.43,1284688.23
685e2c34fc13ae349cfa1174,685e2b39fc13ae31defa1110,685e2ba4fc13ae2323fa152d,1,8381.24,8381.24
685e2c34fc13ae349cfa1175,685e2b39fc13ae31defa1111,685e2ba4fc13ae2323fa1473,188,253.76,47706.88
685e2c34fc13ae349cfa1176,685e2b39fc13ae31defa1112,685e2ba4fc13ae2323fa166e,41,892.21,36580.61
685e2c34fc13ae349cfa1177,685e2b39fc13ae31defa1113,685e2ba4fc13ae2323fa15b9,61,6519.39,397682.79
685e2c34fc13ae349cfa1178,685e2b39fc13ae31defa1114,685e2ba5fc13ae2323fa170b,197,5743.93,1131554.21
685e2c34fc13ae349cfa1179,685e2b39fc13ae31defa1115,685e2ba4fc13ae2323fa15cf,36,5514.7,198529.2
685e2c34fc13ae349cfa117a,685e2b39fc13ae31defa1116,685e2ba4fc13ae2323fa1615,5,7127.19,35635.95
685e2c34fc13ae349cfa117b,685e2b39fc13ae31defa1117,685e2ba4fc13ae2323fa1554,87,9168.43,797653.41
685e2c34fc13ae349cfa117c,685e2b39fc13ae31defa1118,685e2ba4fc13ae2323fa142d,79,6487.68,512526.72
685e2c34fc13ae349cfa117d,685e2b39fc13ae31defa1119,685e2ba4fc13ae2323fa1425,180,1273.51,229231.8
685e2c34fc13ae349cfa117e,685e2b39fc13ae31defa111a,685e2ba4fc13ae2323fa1508,39,2698.71,105249.69
685e2c34fc13ae349cfa117f,685e2b39fc13ae31defa111b,685e2ba4fc13ae2323fa14de,51,2008.01,102408.51
685e2c34fc13ae349cfa1180,685e2b39fc13ae31defa111c,685e2ba4fc13ae2323fa16c4,191,2492.11,475993.01
685e2c34fc13ae349cfa1181,685e2b39fc13ae31defa111d,685e2ba4fc13ae2323fa1404,47,8847.41,415828.27
685e2c34fc13ae349cfa1182,685e2b39fc13ae31defa111e,685e2ba4fc13ae2323fa13cb,66,7861.06,518829.96
685e2c34fc13ae349cfa1183,685e2b39fc13ae31defa111f,685e2ba4fc13ae2323fa1678,4,1572.63,6290.52
685e2c34fc13ae349cfa1184,685e2b39fc13ae31defa1120,685e2ba4fc13ae2323fa1563,104,6549.36,681133.44
685e2c34fc13ae349cfa1185,685e2b39fc13ae31defa1121,685e2ba4fc13ae2323fa169f,175,9090.67,1590867.25
685e2c34fc13ae349cfa1186,685e2b39fc13ae31defa1122,685e2ba4fc13ae2323fa1531,32,2547.61,81523.52
685e2c34fc13ae349cfa1187,685e2b39fc13ae31defa1123,685e2ba4fc13ae2323fa16c6,125,7770.07,971258.75
685e2c34fc13ae349cfa1188,685e2b39fc13ae31defa1124,685e2ba4fc13ae2323fa14a0,169,5300.02,895703.38
685e2c34fc13ae349cfa1189,685e2b39fc13ae31defa1125,685e2ba4fc13ae2323fa15d9,177,3707.01,656140.77
685e2c34fc13ae349cfa118a,685e2b39fc13ae31defa1126,685e2ba4fc13ae2323fa1596,87,8804.45,765987.15
685e2c34fc13ae349cfa118b,685e2b39fc13ae31defa1127,685e2ba4fc13ae2323fa14ed,112,2292.97,256812.64
685e2c34fc13ae349cfa118c,685e2b39fc13ae31defa1128,685e2ba4fc13ae2323fa159e,68,3369.73,229141.64
685e2c34fc13ae349cfa118d,685e2b39fc13ae31defa1129,685e2ba4fc13ae2323fa1638,73,3760.56,274520.88
685e2c34fc13ae349cfa118e,685e2b39fc13ae31defa112a,685e2ba4fc13ae2323fa1400,59,7734.46,456333.14
685e2c34fc13ae349cfa118f,685e2b39fc13ae31defa112b,685e2ba4fc13ae2323fa1632,33,6315.07,208397.31
685e2c34fc13ae349cfa1190,685e2b39fc13ae31defa112c,685e2ba4fc13ae2323fa1509,139,4943.98,687213.22
685e2c34fc13ae349cfa1191,685e2b39fc13ae31defa112d,685e2ba4fc13ae2323fa141d,100,7318.89,731889.0
685e2c34fc13ae349cfa1192,685e2b39fc13ae31defa112e,685e2ba4fc13ae2323fa1582,34,8.35,283.9
685e2c34fc13ae349cfa1193,685e2b39fc13ae31defa112f,685e2ba5fc13ae2323fa176f,55,7372.19,405470.45
685e2c34fc13ae349cfa1194,685e2b39fc13ae31defa1130,685e2ba4fc13ae2323fa1616,103,9617.9,990643.7
685e2c34fc13ae349cfa1195,685e2b39fc13ae31defa1131,685e2ba4fc13ae2323fa147f,183,1431.59,261980.97
685e2c34fc13ae349cfa1196,685e2b39fc13ae31defa1132,685e2ba4fc13ae2323fa16a5,148,4577.12,677413.76
685e2c34fc13ae349cfa1197,685e2b39fc13ae31defa1133,685e2ba4fc13ae2323fa14e1,121,5024.44,607957.24
685e2c34fc13ae349cfa1198,685e2b39fc13ae31defa1134,685e2ba4fc13ae2323fa16d0,143,2306.82,329875.26
685e2c34fc13ae349cfa1199,685e2b39fc13ae31defa1135,685e2ba5fc13ae2323fa1752,48,4426.25,212460.0
685e2c34fc13ae349cfa119a,685e2b39fc13ae31defa1136,685e2ba5fc13ae2323fa16ed,123,1244.38,153058.74
685e2c34fc13ae349cfa119b,685e2b39fc13ae31defa1137,685e2ba4fc13ae2323fa1438,129,9578.82,1235667.78
685e2c34fc13ae349cfa119c,685e2b39fc13ae31defa1138,685e2ba4fc13ae2323fa165c,190,1132.64,215201.6
685e2c34fc13ae349cfa119d,685e2b39fc13ae31defa1139,685e2ba4fc13ae2323fa14b3,36,7788.35,280380.6
685e2c34fc13ae349cfa119e,685e2b39fc13ae31defa113a,685e2ba4fc13ae2323fa15f6,63,4808.95,302963.85
685e2c34fc13ae349cfa119f,685e2b39fc13ae31defa113b,685e2ba4fc13ae2323fa15f6,100,1885.98,188598.0
685e2c34fc13ae349cfa11a0,685e2b39fc13ae31defa113c,685e2ba4fc13ae2323fa14ab,133,9385.31,1248246.23
685e2c34fc13ae349cfa11a1,685e2b39fc13ae31defa113d,685e2ba4fc13ae2323fa1433,130,4550.01,591501.3
685e2c34fc13ae349cfa11a2,685e2b39fc13ae31defa113e,685e2ba4fc13ae2323fa16c2,31,8877.61,275205.91
685e2c34fc13ae349cfa11a3,685e2b39fc13ae31defa113f,685e2ba4fc13ae2323fa1649,197,3026.21,596163.37
685e2c34fc13ae349cfa11a4,685e2b39fc13ae31defa1140,685e2ba4fc13ae2323fa16c8,81,3498.71,283395.51
685e2c34fc13ae349cfa11a5,685e2b39fc13ae31defa1141,685e2ba4fc13ae2323fa1429,154,9298.34,1431944.36
685e2c34fc13ae349cfa11a6,685e2b39fc13ae31defa1142,685e2ba4fc13ae2323fa14a6,142,1683.3,239028.6
685e2c34fc13ae349cfa11a7,685e2b39fc13ae31defa1143,685e2ba4fc13ae2323fa13db,30,5363.8,160914.0
685e2c34fc13ae349cfa11a8,685e2b39fc13ae31defa1144,685e2ba4fc13ae2323fa1581,11,1040.4,11444.4
685e2c34fc13ae349cfa11a9,685e2b39fc13ae31defa1145,685e2ba4fc13ae2323fa14ef,26,2482.76,64551.76
685e2c34fc13ae349cfa11aa,685e2b39fc13ae31defa1146,685e2ba4fc13ae2323fa167c,196,6549.32,1283666.72
685e2c34fc13ae349cfa11ab,685e2b39fc13ae31defa1147,685e2ba5fc13ae2323fa170d,198,1878.24,371891.52
685e2c34fc13ae349cfa11ac,685e2b39fc13ae31defa1148,685e2ba4fc13ae2323fa165d,10,2593.65,25936.5
685e2c34fc13ae349cfa11ad,685e2b39fc13ae31defa1149,685e2ba4fc13ae2323fa1640,6,1609.7,9658.2
685e2c34fc13ae349cfa11ae,685e2b39fc13ae31defa114a,685e2ba4fc13ae2323fa1402,12,6335.74,76028.88
685e2c34fc13ae349cfa11af,685e2b39fc13ae31defa114b,685e2ba5fc13ae2323fa1744,135,9721.14,1312353.9
685e2c34fc13ae349cfa11b0,685e2b39fc13ae31defa114c,685e2ba4fc13ae2323fa1463,165,3630.42,599019.3
685e2c35fc13ae349cfa11b1,685e2b39fc13ae31defa114d,685e2ba4fc13ae2323fa1530,192,5585.9,1072492.8
685e2c35fc13ae349cfa11b2,685e2b39fc13ae31defa114e,685e2ba4fc13ae2323fa165b,35,7444.95,260573.25
685e2c35fc13ae349cfa11b3,685e2b39fc13ae31defa114f,685e2ba4fc13ae2323fa1515,126,5202.72,655542.72
685e2c35fc13ae349cfa11b4,685e2b39fc13ae31defa1150,685e2ba4fc13ae2323fa159c,31,2059.13,63833.03
685e2c35fc13ae349cfa11b5,685e2b39fc13ae31defa1151,685e2ba5fc13ae2323fa1724,144,915.53,131836.32
685e2c35fc13ae349cfa11b6,685e2b39fc13ae31defa1152,685e2ba4fc13ae2323fa1659,185,8183.29,1513908.65
685e2c35fc13ae349cfa11b7,685e2b39fc13ae31defa1153,685e2ba4fc13ae2323fa160d,180,1501.0,270180.0
685e2c35fc13ae349cfa11b8,685e2b39fc13ae31defa1154,685e2ba4fc13ae2323fa13f4,159,4927.89,783534.51
685e2c35fc13ae349cfa11b9,685e2b39fc13ae31defa1155,685e2ba4fc13ae2323fa144c,187,9674.42,1809116.54
685e2c35fc13ae349cfa11ba,685e2b39fc13ae31defa1156,685e2ba4fc13ae2323fa155f,158,9196.41,1453032.78
685e2c35fc13ae349cfa11bb,685e2b39fc13ae31defa1157,685e2ba4fc13ae2323fa16b3,71,4064.26,288562.46
685e2c35fc13ae349cfa11bc,685e2b39fc13ae31defa1158,685e2ba4fc13ae2323fa1584,5,5566.66,27833.3
685e2c35fc13ae349cfa11bd,685e2b39fc13ae31defa1159,685e2ba4fc13ae2323fa1412,15,6526.04,97890.6
685e2c35fc13ae349cfa11be,685e2b39fc13ae31defa115a,685e2ba4fc13ae2323fa1619,136,3009.76,409327.36
685e2c35fc13ae349cfa11bf,685e2b39fc13ae31defa115b,685e2ba4fc13ae2323fa15c1,42,5001.74,210073.08
685e2c35fc13ae349cfa11c0,685e2b39fc13ae31defa115c,685e2ba4fc13ae2323fa13ae,66,8898.44,587297.04
685e2c35fc13ae349cfa11c1,685e2b39fc13ae31defa115d,685e2ba4fc13ae2323fa15a0,77,4075.72,313830.44
685e2c35fc13ae349cfa11c2,685e2b39fc13ae31defa115e,685e2ba5fc13ae2323fa176c,132,7291.77,962513.64
685e2c35fc13ae349cfa11c3,685e2b39fc13ae31defa115f,685e2ba4fc13ae2323fa140c,140,358.95,50253.0
685e2c35fc13ae349cfa11c4,685e2b39fc13ae31defa1160,685e2ba4fc13ae2323fa14bb,98,9321.79,913535.42
685e2c35fc13ae349cfa11c5,685e2b39fc13ae31defa1161,685e2ba4fc13ae2323fa1626,55,9958.7,547728.5
685e2c35fc13ae349cfa11c6,685e2b39fc13ae31defa1162,685e2ba5fc13ae2323fa1769,40,5154.41,206176.4
685e2c35fc13ae349cfa11c7,685e2b39fc13ae31defa1163,685e2ba4fc13ae2323fa154c,183,3257.32,596089.56
685e2c35fc13ae349cfa11c8,685e2b39fc13ae31defa1164,685e2ba5fc13ae2323fa16fb,11,3316.75,36484.25
685e2c35fc13ae349cfa11c9,685e2b39fc13ae31defa1165,685e2ba5fc13ae2323fa1705,136,9232.02,1255554.72
685e2c35fc13ae349cfa11ca,685e2b39fc13ae31defa1166,685e2ba4fc13ae2323fa1557,95,7836.67,744483.65
685e2c35fc13ae349cfa11cb,685e2b39fc13ae31defa1167,685e2ba4fc13ae2323fa14bf,88,9954.42,875988.96
685e2c35fc13ae349cfa11cc,685e2b39fc13ae31defa1168,685e2ba4fc13ae2323fa1630,184,2869.21,527934.64
685e2c35fc13ae349cfa11cd,685e2b39fc13ae31defa1169,685e2ba4fc13ae2323fa1605,39,4173.72,162775.08
685e2c35fc13ae349cfa11ce,685e2b39fc13ae31defa116a,685e2ba4fc13ae2323fa149f,190,3124.36,593628.4
685e2c35fc13ae349cfa11cf,685e2b39fc13ae31defa116b,685e2ba5fc13ae2323fa16f8,131,8918.05,1168264.55
685e2c35fc13ae349cfa11d0,685e2b39fc13ae31defa116c,685e2ba5fc13ae2323fa1717,183,5399.11,988037.13
685e2c35fc13ae349cfa11d1,685e2b39fc13ae31defa116d,685e2ba5fc13ae2323fa170d,178,7229.59,1286867.02
685e2c35fc13ae349cfa11d2,685e2b39fc13ae31defa116e,685e2ba5fc13ae2323fa1737,27,2874.74,77617.98
685e2c35fc13ae349cfa11d3,685e2b39fc13ae31defa116f,685e2ba4fc13ae2323fa15e8,110,9793.13,1077244.3
685e2c35fc13ae349cfa11d4,685e2b39fc13ae31defa1170,685e2ba5fc13ae2323fa175a,27,1007.04,27190.08
685e2c35fc13ae349cfa11d5,685e2b39fc13ae31defa1171,685e2ba4fc13ae2323fa15ce,177,7260.11,1285039.47
685e2c35fc13ae349cfa11d6,685e2b39fc13ae31defa1172,685e2ba4fc13ae2323fa150f,174,4360.15,758666.1
685e2c35fc13ae349cfa11d7,685e2b39fc13ae31defa1173,685e2ba4fc13ae2323fa1631,79,8416.74,664922.46
685e2c35fc13ae349cfa11d8,685e2b39fc13ae31defa1174,685e2ba4fc13ae2323fa16d0,51,6351.81,323942.31
685e2c35fc13ae349cfa11d9,685e2b39fc13ae31defa1175,685e2ba4fc13ae2323fa16d6,150,1650.55,247582.5
685e2c35fc13ae349cfa11da,685e2b39fc13ae31defa1176,685e2ba4fc13ae2323fa15f5,161,3378.19,543888.59
685e2c35fc13ae349cfa11db,685e2b39fc13ae31defa1177,685e2ba4fc13ae2323fa13f9,189,6085.47,1150153.83
685e2c35fc13ae349cfa11dc,685e2b39fc13ae31defa1178,685e2ba4fc13ae2323fa1678,114,4495.94,512537.16
685e2c35fc13ae349cfa11dd,685e2b39fc13ae31defa1179,685e2ba5fc13ae2323fa16ed,49,5577.91,273317.59
685e2c35fc13ae349cfa11de,685e2b39fc13ae31defa117a,685e2ba4fc13ae2323fa14fb,63,7826.8,493088.4
685e2c35fc13ae349cfa11df,685e2b39fc13ae31defa117b,685e2ba4fc13ae2323fa16da,119,4489.24,534219.56
685e2c35fc13ae349cfa11e0,685e2b39fc13ae31defa117c,685e2ba4fc13ae2323fa169e,167,406.21,67837.07
685e2c35fc13ae349cfa11e1,685e2b39fc13ae31defa117d,685e2ba4fc13ae2323fa153b,39,8576.66,334489.74
685e2c35fc13ae349cfa11e2,685e2b39fc13ae31defa117e,685e2ba4fc13ae2323fa1628,122,6646.86,810916.92
685e2c35fc13ae349cfa11e3,685e2b39fc13ae31defa117f,685e2ba4fc13ae2323fa1672,66,9261.17,611237.22
685e2c35fc13ae349cfa11e4,685e2b39fc13ae31defa1180,685e2ba4fc13ae2323fa14fa,14,2446.73,34254.22
685e2c35fc13ae349cfa11e5,685e2b39fc13ae31defa1181,685e2ba5fc13ae2323fa16f2,146,1238.82,180867.72
685e2c35fc13ae349cfa11e6,685e2b39fc13ae31defa1182,685e2ba4fc13ae2323fa1627,123,7724.15,950070.45
685e2c35fc13ae349cfa11e7,685e2b39fc13ae31defa1183,685e2ba4fc13ae2323fa157b,87,9495.99,826151.13
685e2c35fc13ae349cfa11e8,685e2b39fc13ae31defa1184,685e2ba4fc13ae2323fa1669,149,4093.2,609886.8
685e2c35fc13ae349cfa11e9,685e2b39fc13ae31defa1185,685e2ba4fc13ae2323fa166e,65,6085.1,395531.5
685e2c35fc13ae349cfa11ea,685e2b39fc13ae31defa1186,685e2ba4fc13ae2323fa15be,113,6579.01,743428.13
685e2c35fc13ae349cfa11eb,685e2b39fc13ae31defa1187,685e2ba4fc13ae2323fa1528,45,1156.76,52054.2
685e2c35fc13ae349cfa11ec,685e2b39fc13ae31defa1188,685e2ba4fc13ae2323fa1501,134,3925.05,525956.7
685e2c35fc13ae349cfa11ed,685e2b39fc13ae31defa1189,685e2ba4fc13ae2323fa1575,144,5311.53,764860.32
685e2c35fc13ae349cfa11ee,685e2b39fc13ae31defa118a,685e2ba4fc13ae2323fa16a3,119,6443.01,766718.19
685e2c35fc13ae349cfa11ef,685e2b39fc13ae31defa118b,685e2ba4fc13ae2323fa1580,180,5956.87,1072236.6
685e2c35fc13ae349cfa11f0,685e2b39fc13ae31defa118c,685e2ba4fc13ae2323fa14a7,106,5022.78,532414.68
685e2c35fc13ae349cfa11f1,685e2b39fc13ae31defa118d,685e2ba4fc13ae2323fa1520,101,8397.64,848161.64
685e2c35fc13ae349cfa11f2,685e2b39fc13ae31defa118e,685e2ba4fc13ae2323fa15da,151,9625.61,1453467.11
685e2c35fc13ae349cfa11f3,685e2b39fc13ae31defa118f,685e2ba4fc13ae2323fa13d6,36,5417.03,195013.08
685e2c35fc13ae349cfa11f4,685e2b39fc13ae31defa1190,685e2ba4fc13ae2323fa15d4,46,2074.03,95405.38
685e2c35fc13ae349cfa11f5,685e2b39fc13ae31defa1191,685e2ba4fc13ae2323fa1494,191,4025.47,768864.77
685e2c35fc13ae349cfa11f6,685e2b39fc13ae31defa1192,685e2ba4fc13ae2323fa15a7,83,6051.1,502241.3
685e2c35fc13ae349cfa11f7,685e2b39fc13ae31defa1193,685e2ba5fc13ae2323fa1747,93,845.72,78651.96
685e2c35fc13ae349cfa11f8,685e2b39fc13ae31defa1194,685e2ba4fc13ae2323fa1490,56,5705.43,319504.08
685e2c35fc13ae349cfa11f9,685e2b39fc13ae31defa1195,685e2ba4fc13ae2323fa1487,26,3512.71,91330.46
685e2c35fc13ae349cfa11fa,685e2b39fc13ae31defa1196,685e2ba4fc13ae2323fa15c4,139,5319.57,739420.23
685e2c35fc13ae349cfa11fb,685e2b39fc13ae31defa1197,685e2ba5fc13ae2323fa173d,155,9922.95,1538057.25
685e2c35fc13ae349cfa11fc,685e2b39fc13ae31defa1198,685e2ba4fc13ae2323fa1462,155,4021.91,623396.05
685e2c35fc13ae349cfa11fd,685e2b39fc13ae31defa1199,685e2ba4fc13ae2323fa13fa,176,6183.38,1088274.88
685e2c35fc13ae349cfa11fe,685e2b39fc13ae31defa119a,685e2ba5fc13ae2323fa178c,116,1827.54,211994.64
685e2c35fc13ae349cfa11ff,685e2b39fc13ae31defa119b,685e2ba4fc13ae2323fa1678,124,9531.05,1181850.2
685e2c35fc13ae349cfa1200,685e2b39fc13ae31defa119c,685e2ba4fc13ae2323fa16c3,146,2016.27,294375.42
685e2c35fc13ae349cfa1201,685e2b39fc13ae31defa119d,685e2ba4fc13ae2323fa1511,155,5845.01,905976.55
685e2c35fc13ae349cfa1202,685e2b39fc13ae31defa119e,685e2ba5fc13ae2323fa1717,137,5389.86,738410.82
685e2c35fc13ae349cfa1203,685e2b39fc13ae31defa119f,685e2ba4fc13ae2323fa14ae,185,2321.31,429442.35
685e2c35fc13ae349cfa1204,685e2b39fc13ae31defa11a0,685e2ba4fc13ae2323fa1532,100,9044.69,904469.0
685e2c35fc13ae349cfa1205,685e2b39fc13ae31defa11a1,685e2ba4fc13ae2323fa15f7,160,4985.82,797731.2
685e2c35fc13ae349cfa1206,685e2b39fc13ae31defa11a2,685e2ba4fc13ae2323fa1602,22,1844.28,40574.16
685e2c35fc13ae349cfa1207,685e2b39fc13ae31defa11a3,685e2ba4fc13ae2323fa16a9,88,3183.93,280185.84
685e2c35fc13ae349cfa1208,685e2b39fc13ae31defa11a4,685e2ba4fc13ae2323fa13f7,99,1635.17,161881.83
685e2c35fc13ae349cfa1209,685e2b39fc13ae31defa11a5,685e2ba4fc13ae2323fa144e,198,6075.24,1202897.52
685e2c35fc13ae349cfa120a,685e2b39fc13ae31defa11a6,685e2ba4fc13ae2323fa15d5,48,8548.5,410328.0
685e2c35fc13ae349cfa120b,685e2b39fc13ae31defa11a7,685e2ba4fc13ae2323fa13be,108,8466.61,914393.88
685e2c35fc13ae349cfa120c,685e2b39fc13ae31defa11a8,685e2ba4fc13ae2323fa1462,45,815.15,36681.75
685e2c35fc13ae349cfa120d,685e2b39fc13ae31defa11a9,685e2ba4fc13ae2323fa16ab,173,7958.62,1376841.26
685e2c35fc13ae349cfa120e,685e2b39fc13ae31defa11aa,685e2ba4fc13ae2323fa1557,199,6168.74,1227579.26
685e2c35fc13ae349cfa120f,685e2b39fc13ae31defa11ab,685e2ba4fc13ae2323fa14fd,70,1899.26,132948.2
685e2c35fc13ae349cfa1210,685e2b39fc13ae31defa11ac,685e2ba4fc13ae2323fa14d2,162,2569.09,416192.58
685e2c35fc13ae349cfa1211,685e2b39fc13ae31defa11ad,685e2ba4fc13ae2323fa1495,126,7277.27,916936.02
685e2c35fc13ae349cfa1212,685e2b39fc13ae31defa11ae,685e2ba4fc13ae2323fa1558,139,1142.0,158738.0
685e2c35fc13ae349cfa1213,685e2b39fc13ae31defa11af,685e2ba5fc13ae2323fa1774,128,2782.83,356202.24
685e2c35fc13ae349cfa1214,685e2b39fc13ae31defa11b0,685e2ba5fc13ae2323fa1724,183,2095.64,383502.12
685e2c35fc13ae349cfa1215,685e2b39fc13ae31defa11b1,685e2ba4fc13ae2323fa14da,128,6635.99,849406.72
685e2c35fc13ae349cfa1216,685e2b39fc13ae31defa11b2,685e2ba4fc13ae2323fa15bc,124,7218.87,895139.88
685e2c35fc13ae349cfa1217,685e2b39fc13ae31defa11b3,685e2ba4fc13ae2323fa1416,141,9266.55,1306583.55
685e2c35fc13ae349cfa1218,685e2b39fc13ae31defa11b4,685e2ba4fc13ae2323fa161f,16,6766.71,108267.36
685e2c35fc13ae349cfa1219,685e2b39fc13ae31defa11b5,685e2ba5fc13ae2323fa1788,59,1562.05,92160.95
685e2c35fc13ae349cfa121a,685e2b39fc13ae31defa11b6,685e2ba4fc13ae2323fa16ae,60,1875.56,112533.6
685e2c35fc13ae349cfa121b,685e2b39fc13ae31defa11b7,685e2ba5fc13ae2323fa1765,70,2702.53,189177.1
685e2c35fc13ae349cfa121c,685e2b39fc13ae31defa11b8,685e2ba5fc13ae2323fa172d,191,1345.4,256971.4
685e2c35fc13ae349cfa121d,685e2b39fc13ae31defa11b9,685e2ba4fc13ae2323fa1472,178,8455.58,1505093.24
685e2c35fc13ae349cfa121e,685e2b39fc13ae31defa11ba,685e2ba4fc13ae2323fa141c,154,2609.01,401787.54
685e2c35fc13ae349cfa121f,685e2b39fc13ae31defa11bb,685e2ba4fc13ae2323fa1456,164,4071.9,667791.6
685e2c35fc13ae349cfa1220,685e2b39fc13ae31defa11bc,685e2ba4fc13ae2323fa16c0,171,2489.78,425752.38
685e2c35fc13ae349cfa1221,685e2b39fc13ae31defa11bd,685e2ba4fc13ae2323fa15ad,78,2414.73,188348.94
685e2c35fc13ae349cfa1222,685e2b39fc13ae31defa11be,685e2ba4fc13ae2323fa15d3,24,6412.19,153892.56
685e2c35fc13ae349cfa1223,685e2b39fc13ae31defa11bf,685e2ba4fc13ae2323fa16d8,72,6647.78,478640.16
685e2c35fc13ae349cfa1224,685e2b39fc13ae31defa11c0,685e2ba4fc13ae2323fa13bb,25,5981.11,149527.75
685e2c35fc13ae349cfa1225,685e2b39fc13ae31defa11c1,685e2ba4fc13ae2323fa1503,158,7349.56,1161230.48
685e2c35fc13ae349cfa1226,685e2b39fc13ae31defa11c2,685e2ba4fc13ae2323fa13e1,112,2668.74,298898.88
685e2c35fc13ae349cfa1227,685e2b39fc13ae31defa11c3,685e2ba4fc13ae2323fa15dd,200,6248.29,1249658.0
685e2c35fc13ae349cfa1228,685e2b39fc13ae31defa11c4,685e2ba5fc13ae2323fa1733,66,9595.3,633289.8
685e2c35fc13ae349cfa1229,685e2b39fc13ae31defa11c5,685e2ba4fc13ae2323fa1444,112,7941.1,889403.2
685e2c35fc13ae349cfa122a,685e2b39fc13ae31defa11c6,685e2ba5fc13ae2323fa16ee,97,4562.97,442608.09
685e2c35fc13ae349cfa122b,685e2b39fc13ae31defa11c7,685e2ba5fc13ae2323fa1719,10,7434.19,74341.9
685e2c35fc13ae349cfa122c,685e2b39fc13ae31defa11c8,685e2ba4fc13ae2323fa167a,152,5728.01,870657.52
685e2c35fc13ae349cfa122d,685e2b39fc13ae31defa11c9,685e2ba4fc13ae2323fa1499,112,308.29,34528.48
685e2c35fc13ae349cfa122e,685e2b39fc13ae31defa11ca,685e2ba4fc13ae2323fa14f6,198,8319.39,1647239.22
685e2c35fc13ae349cfa122f,685e2b39fc13ae31defa11cb,685e2ba4fc13ae2323fa1497,135,8180.63,1104385.05
685e2c35fc13ae349cfa1230,685e2b39fc13ae31defa11cc,685e2ba5fc13ae2323fa16f8,48,6707.67,321968.16
685e2c35fc13ae349cfa1231,685e2b39fc13ae31defa11cd,685e2ba4fc13ae2323fa154f,198,3219.89,637538.22
685e2c35fc13ae349cfa1232,685e2b39fc13ae31defa11ce,685e2ba4fc13ae2323fa1602,20,7881.36,157627.2
685e2c35fc13ae349cfa1233,685e2b39fc13ae31defa11cf,685e2ba5fc13ae2323fa178c,153,8680.76,1328156.28
685e2c35fc13ae349cfa1234,685e2b39fc13ae31defa11d0,685e2ba4fc13ae2323fa15ab,80,7565.48,605238.4
685e2c35fc13ae349cfa1235,685e2b39fc13ae31defa11d1,685e2ba4fc13ae2323fa141b,48,1230.88,59082.24
685e2c35fc13ae349cfa1236,685e2b39fc13ae31defa11d2,685e2ba4fc13ae2323fa14f5,145,8948.78,1297573.1
685e2c35fc13ae349cfa1237,685e2b39fc13ae31defa11d3,685e2ba4fc13ae2323fa14d7,177,107.79,19078.83
685e2c35fc13ae349cfa1238,685e2b39fc13ae31defa11d4,685e2ba4fc13ae2323fa14c5,147,4123.86,606207.42
685e2c35fc13ae349cfa1239,685e2b39fc13ae31defa11d5,685e2ba4fc13ae2323fa1564,110,445.33,48986.3
685e2c35fc13ae349cfa123a,685e2b39fc13ae31defa11d6,685e2ba4fc13ae2323fa167b,85,81.45,6923.25
685e2c35fc13ae349cfa123b,685e2b39fc13ae31defa11d7,685e2ba4fc13ae2323fa15b6,189,9408.4,1778187.6
685e2c35fc13ae349cfa123c,685e2b39fc13ae31defa11d8,685e2ba4fc13ae2323fa15ed,139,1127.17,156676.63
685e2c35fc13ae349cfa123d,685e2b39fc13ae31defa11d9,685e2ba4fc13ae2323fa141e,185,6583.77,1217997.45
685e2c35fc13ae349cfa123e,685e2b39fc13ae31defa11da,685e2ba4fc13ae2323fa14e3,198,5964.75,1181020.5
685e2c35fc13ae349cfa123f,685e2b39fc13ae31defa11db,685e2ba5fc13ae2323fa174f,116,2844.34,329943.44
685e2c35fc13ae349cfa1240,685e2b39fc13ae31defa11dc,685e2ba4fc13ae2323fa1490,116,5228.0,606448.0
685e2c35fc13ae349cfa1241,685e2b39fc13ae31defa11dd,685e2ba4fc13ae2323fa14fc,49,3812.56,186815.44
685e2c35fc13ae349cfa1242,685e2b39fc13ae31defa11de,685e2ba4fc13ae2323fa13de,150,5623.42,843513.0
685e2c35fc13ae349cfa1243,685e2b39fc13ae31defa11df,685e2ba4fc13ae2323fa15de,168,6138.75,1031310.0
685e2c35fc13ae349cfa1244,685e2b39fc13ae31defa11e0,685e2ba4fc13ae2323fa1482,75,8387.97,629097.75
685e2c35fc13ae349cfa1245,685e2b39fc13ae31defa11e1,685e2ba4fc13ae2323fa1407,22,8624.86,189746.92
685e2c35fc13ae349cfa1246,685e2b39fc13ae31defa11e2,685e2ba4fc13ae2323fa1563,8,4213.64,33709.12
685e2c35fc13ae349cfa1247,685e2b39fc13ae31defa11e3,685e2ba4fc13ae2323fa14b6,46,2769.58,127400.68
685e2c35fc13ae349cfa1248,685e2b39fc13ae31defa11e4,685e2ba4fc13ae2323fa1481,104,2509.05,260941.2
685e2c35fc13ae349cfa1249,685e2b39fc13ae31defa11e5,685e2ba4fc13ae2323fa1470,21,1923.52,40393.92
685e2c35fc13ae349cfa124a,685e2b39fc13ae31defa11e6,685e2ba5fc13ae2323fa1787,84,9393.43,789048.12
685e2c35fc13ae349cfa124b,685e2b39fc13ae31defa11e7,685e2ba4fc13ae2323fa13f2,41,668.5,27408.5
685e2c35fc13ae349cfa124c,685e2b39fc13ae31defa11e8,685e2ba4fc13ae2323fa1579,186,9921.44,1845387.84
685e2c35fc13ae349cfa124d,685e2b39fc13ae31defa11e9,685e2ba4fc13ae2323fa1553,82,9796.65,803325.3
685e2c35fc13ae349cfa124e,685e2b39fc13ae31defa11ea,685e2ba4fc13ae2323fa16d8,140,6610.85,925519.0
685e2c35fc13ae349cfa124f,685e2b39fc13ae31defa11eb,685e2ba5fc13ae2323fa1741,47,7218.7,339278.9
685e2c35fc13ae349cfa1250,685e2b39fc13ae31defa11ec,685e2ba5fc13ae2323fa16f6,180,902.71,162487.8
685e2c35fc13ae349cfa1251,685e2b39fc13ae31defa11ed,685e2ba4fc13ae2323fa16de,31,9528.68,295389.08
685e2c35fc13ae349cfa1252,685e2b39fc13ae31defa11ee,685e2ba4fc13ae2323fa1450,176,7409.84,1304131.84
685e2c35fc13ae349cfa1253,685e2b39fc13ae31defa11ef,685e2ba4fc13ae2323fa1698,132,4059.5,535854.0
685e2c35fc13ae349cfa1254,685e2b39fc13ae31defa11f0,685e2ba4fc13ae2323fa167d,82,3819.39,313189.98
685e2c35fc13ae349cfa1255,685e2b39fc13ae31defa11f1,685e2ba5fc13ae2323fa1779,110,2667.83,293461.3
685e2c35fc13ae349cfa1256,685e2b39fc13ae31defa11f2,685e2ba5fc13ae2323fa1708,7,1464.24,10249.68
685e2c35fc13ae349cfa1257,685e2b39fc13ae31defa11f3,685e2ba4fc13ae2323fa1497,95,4923.36,467719.2
685e2c35fc13ae349cfa1258,685e2b39fc13ae31defa11f4,685e2ba4fc13ae2323fa1616,183,2888.88,528665.04
685e2c35fc13ae349cfa1259,685e2b39fc13ae31defa11f5,685e2ba4fc13ae2323fa152d,57,8814.63,502433.91
685e2c35fc13ae349cfa125a,685e2b39fc13ae31defa11f6,685e2ba4fc13ae2323fa13c7,66,139.02,9175.32
685e2c35fc13ae349cfa125b,685e2b39fc13ae31defa11f7,685e2ba4fc13ae2323fa16aa,75,6253.04,468978.0
685e2c35fc13ae349cfa125c,685e2b39fc13ae31defa11f8,685e2ba4fc13ae2323fa15e7,177,6318.01,1118287.77
685e2c35fc13ae349cfa125d,685e2b39fc13ae31defa11f9,685e2ba5fc13ae2323fa1774,150,3790.76,568614.0
685e2c35fc13ae349cfa125e,685e2b39fc13ae31defa11fa,685e2ba4fc13ae2323fa13d1,52,8067.12,419490.24
685e2c35fc13ae349cfa125f,685e2b39fc13ae31defa11fb,685e2ba4fc13ae2323fa13b7,65,7159.14,465344.1
685e2c35fc13ae349cfa1260,685e2b39fc13ae31defa11fc,685e2ba4fc13ae2323fa145b,41,560.82,22993.62
685e2c35fc13ae349cfa1261,685e2b39fc13ae31defa11fd,685e2ba4fc13ae2323fa15a6,198,1952.13,386521.74
685e2c35fc13ae349cfa1262,685e2b39fc13ae31defa11fe,685e2ba4fc13ae2323fa16a7,146,1590.77,232252.42
685e2c35fc13ae349cfa1263,685e2b39fc13ae31defa11ff,685e2ba4fc13ae2323fa1534,101,4472.66,451738.66
685e2c35fc13ae349cfa1264,685e2b39fc13ae31defa1200,685e2ba4fc13ae2323fa1470,170,3877.51,659176.7
685e2c35fc13ae349cfa1265,685e2b39fc13ae31defa1201,685e2ba4fc13ae2323fa14ce,73,1755.33,128139.09
685e2c35fc13ae349cfa1266,685e2b39fc13ae31defa1202,685e2ba4fc13ae2323fa13fb,146,6526.62,952886.52
685e2c35fc13ae349cfa1267,685e2b39fc13ae31defa1203,685e2ba4fc13ae2323fa16d7,26,7882.04,204933.04
685e2c35fc13ae349cfa1268,685e2b39fc13ae31defa1204,685e2ba4fc13ae2323fa15e9,175,8383.16,1467053.0
685e2c35fc13ae349cfa1269,685e2b39fc13ae31defa1205,685e2ba4fc13ae2323fa1616,114,1656.08,188793.12
685e2c35fc13ae349cfa126a,685e2b39fc13ae31defa1206,685e2ba4fc13ae2323fa14df,18,7673.42,138121.56
685e2c35fc13ae349cfa126b,685e2b39fc13ae31defa1207,685e2ba4fc13ae2323fa1401,124,4001.29,496159.96
685e2c35fc13ae349cfa126c,685e2b39fc13ae31defa1208,685e2ba4fc13ae2323fa156d,54,228.21,12323.34
685e2c35fc13ae349cfa126d,685e2b39fc13ae31defa1209,685e2ba4fc13ae2323fa14a9,103,9062.55,933442.65
685e2c35fc13ae349cfa126e,685e2b39fc13ae31defa120a,685e2ba4fc13ae2323fa164c,158,9170.13,1448880.54
685e2c35fc13ae349cfa126f,685e2b39fc13ae31defa120b,685e2ba4fc13ae2323fa143d,86,2351.78,202253.08
685e2c35fc13ae349cfa1270,685e2b39fc13ae31defa120c,685e2ba4fc13ae2323fa1617,125,3101.5,387687.5
685e2c35fc13ae349cfa1271,685e2b39fc13ae31defa120d,685e2ba4fc13ae2323fa14c9,48,976.38,46866.24
685e2c35fc13ae349cfa1272,685e2b39fc13ae31defa120e,685e2ba4fc13ae2323fa1407,76,6882.94,523103.44
685e2c35fc13ae349cfa1273,685e2b39fc13ae31defa120f,685e2ba4fc13ae2323fa16a3,189,7049.34,1332325.26
685e2c35fc13ae349cfa1274,685e2b39fc13ae31defa1210,685e2ba4fc13ae2323fa15c7,196,622.16,121943.36
685e2c35fc13ae349cfa1275,685e2b39fc13ae31defa1211,685e2ba4fc13ae2323fa15a9,1,8757.71,8757.71
685e2c35fc13ae349cfa1276,685e2b39fc13ae31defa1212,685e2ba4fc13ae2323fa14b5,147,2536.01,372793.47
685e2c35fc13ae349cfa1277,685e2b39fc13ae31defa1213,685e2ba4fc13ae2323fa16cf,81,4292.49,347691.69
685e2c35fc13ae349cfa1278,685e2b39fc13ae31defa1214,685e2ba5fc13ae2323fa1738,35,458.25,16038.75
685e2c35fc13ae349cfa1279,685e2b39fc13ae31defa1215,685e2ba4fc13ae2323fa13bb,136,6644.29,903623.44
685e2c36fc13ae349cfa127a,685e2b39fc13ae31defa1216,685e2ba4fc13ae2323fa13fd,12,8835.49,106025.88
685e2c36fc13ae349cfa127b,685e2b39fc13ae31defa1217,685e2ba4fc13ae2323fa16b4,48,1097.35,52672.8
685e2c36fc13ae349cfa127c,685e2b39fc13ae31defa1218,685e2ba4fc13ae2323fa1662,159,7478.64,1189103.76
685e2c36fc13ae349cfa127d,685e2b39fc13ae31defa1219,685e2ba4fc13ae2323fa16a4,115,9174.42,1055058.3
685e2c36fc13ae349cfa127e,685e2b39fc13ae31defa121a,685e2ba5fc13ae2323fa175c,186,2168.91,403417.26
685e2c36fc13ae349cfa127f,685e2b39fc13ae31defa121b,685e2ba5fc13ae2323fa1705,133,4239.78,563890.74
685e2c36fc13ae349cfa1280,685e2b39fc13ae31defa121c,685e2ba4fc13ae2323fa14e2,106,9981.33,1058020.98
685e2c36fc13ae349cfa1281,685e2b39fc13ae31defa121d,685e2ba4fc13ae2323fa1683,31,6029.33,186909.23
685e2c36fc13ae349cfa1282,685e2b39fc13ae31defa121e,685e2ba4fc13ae2323fa145c,140,1672.83,234196.2
685e2c36fc13ae349cfa1283,685e2b39fc13ae31defa121f,685e2ba4fc13ae2323fa14c6,47,1522.88,71575.36
685e2c36fc13ae349cfa1284,685e2b39fc13ae31defa1220,685e2ba5fc13ae2323fa172f,8,7609.82,60878.56
685e2c36fc13ae349cfa1285,685e2b39fc13ae31defa1221,685e2ba5fc13ae2323fa176c,50,7016.9,350845.0
685e2c36fc13ae349cfa1286,685e2b39fc13ae31defa1222,685e2ba4fc13ae2323fa1632,98,2674.56,262106.88
685e2c36fc13ae349cfa1287,685e2b39fc13ae31defa1223,685e2ba4fc13ae2323fa16d3,119,7565.89,900340.91
685e2c36fc13ae349cfa1288,685e2b39fc13ae31defa1224,685e2ba4fc13ae2323fa1484,31,6586.13,204170.03
685e2c36fc13ae349cfa1289,685e2b39fc13ae31defa1225,685e2ba4fc13ae2323fa1570,14,8337.3,116722.2
685e2c36fc13ae349cfa128a,685e2b39fc13ae31defa1226,685e2ba5fc13ae2323fa16e5,45,6813.54,306609.3
685e2c36fc13ae349cfa128b,685e2b39fc13ae31defa1227,685e2ba4fc13ae2323fa1435,7,5692.98,39850.86
685e2c36fc13ae349cfa128c,685e2b39fc13ae31defa1228,685e2ba4fc13ae2323fa1409,196,9498.28,1861662.88
685e2c36fc13ae349cfa128d,685e2b39fc13ae31defa1229,685e2ba4fc13ae2323fa1621,135,8207.99,1108078.65
685e2c36fc13ae349cfa128e,685e2b39fc13ae31defa122a,685e2ba4fc13ae2323fa1601,57,4874.59,277851.63
685e2c36fc13ae349cfa128f,685e2b39fc13ae31defa122b,685e2ba4fc13ae2323fa15c8,54,9367.14,505825.56
685e2c36fc13ae349cfa1290,685e2b39fc13ae31defa122c,685e2ba4fc13ae2323fa1449,85,3291.48,279775.8
685e2c36fc13ae349cfa1291,685e2b39fc13ae31defa122d,685e2ba4fc13ae2323fa15a0,33,456.15,15052.95
685e2c36fc13ae349cfa1292,685e2b39fc13ae31defa122e,685e2ba4fc13ae2323fa1458,128,7250.25,928032.0
685e2c36fc13ae349cfa1293,685e2b39fc13ae31defa122f,685e2ba4fc13ae2323fa13bd,58,508.54,29495.32
685e2c36fc13ae349cfa1294,685e2b39fc13ae31defa1230,685e2ba4fc13ae2323fa1570,148,683.63,101177.24
685e2c36fc13ae349cfa1295,685e2b39fc13ae31defa1231,685e2ba4fc13ae2323fa13cd,25,8504.54,212613.5
685e2c36fc13ae349cfa1296,685e2b39fc13ae31defa1232,685e2ba4fc13ae2323fa16a6,13,168.1,2185.3
685e2c36fc13ae349cfa1297,685e2b39fc13ae31defa1233,685e2ba4fc13ae2323fa13cb,158,7748.85,1224318.3
685e2c36fc13ae349cfa1298,685e2b39fc13ae31defa1234,685e2ba5fc13ae2323fa1761,177,2795.54,494810.58
685e2c36fc13ae349cfa1299,685e2b39fc13ae31defa1235,685e2ba4fc13ae2323fa1590,83,4684.01,388772.83
685e2c36fc13ae349cfa129a,685e2b39fc13ae31defa1236,685e2ba4fc13ae2323fa141b,122,3072.96,374901.12
685e2c36fc13ae349cfa129b,685e2b39fc13ae31defa1237,685e2ba4fc13ae2323fa14f1,110,3695.39,406492.9
685e2c36fc13ae349cfa129c,685e2b39fc13ae31defa1238,685e2ba4fc13ae2323fa1421,28,2714.5,76006.0
685e2c36fc13ae349cfa129d,685e2b39fc13ae31defa1239,685e2ba5fc13ae2323fa1745,198,2246.3,444767.4
685e2c36fc13ae349cfa129e,685e2b39fc13ae31defa123a,685e2ba4fc13ae2323fa1578,136,1774.19,241289.84
685e2c36fc13ae349cfa129f,685e2b39fc13ae31defa123b,685e2ba4fc13ae2323fa16ae,48,8219.48,394535.04
685e2c36fc13ae349cfa12a0,685e2b39fc13ae31defa123c,685e2ba4fc13ae2323fa13c5,181,3937.84,712749.04
685e2c36fc13ae349cfa12a1,685e2b39fc13ae31defa123d,685e2ba4fc13ae2323fa16ce,86,41.1,3534.6
685e2c36fc13ae349cfa12a2,685e2b39fc13ae31defa123e,685e2ba4fc13ae2323fa142c,161,9622.67,1549249.87
685e2c36fc13ae349cfa12a3,685e2b39fc13ae31defa123f,685e2ba4fc13ae2323fa16c8,25,9178.58,229464.5
685e2c36fc13ae349cfa12a4,685e2b39fc13ae31defa1240,685e2ba4fc13ae2323fa14d1,60,3026.96,181617.6
685e2c36fc13ae349cfa12a5,685e2b39fc13ae31defa1241,685e2ba4fc13ae2323fa151b,184,9759.43,1795735.12
685e2c36fc13ae349cfa12a6,685e2b39fc13ae31defa1242,685e2ba4fc13ae2323fa1554,163,2190.53,357056.39
685e2c36fc13ae349cfa12a7,685e2b39fc13ae31defa1243,685e2ba4fc13ae2323fa14e2,93,144.39,13428.27
685e2c36fc13ae349cfa12a8,685e2b39fc13ae31defa1244,685e2ba4fc13ae2323fa163c,46,4433.13,203923.98
685e2c36fc13ae349cfa12a9,685e2b39fc13ae31defa1245,685e2ba4fc13ae2323fa15eb,79,9357.38,739233.02
685e2c36fc13ae349cfa12aa,685e2b39fc13ae31defa1246,685e2ba5fc13ae2323fa1731,90,658.56,59270.4
685e2c36fc13ae349cfa12ab,685e2b39fc13ae31defa1247,685e2ba4fc13ae2323fa150b,183,577.58,105697.14
685e2c36fc13ae349cfa12ac,685e2b39fc13ae31defa1248,685e2ba5fc13ae2323fa1742,68,1224.2,83245.6
685e2c36fc13ae349cfa12ad,685e2b39fc13ae31defa1249,685e2ba4fc13ae2323fa13f5,13,2473.5,32155.5
685e2c36fc13ae349cfa12ae,685e2b39fc13ae31defa124a,685e2ba5fc13ae2323fa171b,27,6731.76,181757.52
685e2c36fc13ae349cfa12af,685e2b39fc13ae31defa124b,685e2ba4fc13ae2323fa13b7,189,2038.3,385238.7
685e2c36fc13ae349cfa12b0,685e2b39fc13ae31defa124c,685e2ba4fc13ae2323fa1419,59,9374.1,553071.9
685e2c36fc13ae349cfa12b1,685e2b39fc13ae31defa124d,685e2ba4fc13ae2323fa163c,73,7797.9,569246.7
685e2c36fc13ae349cfa12b2,685e2b39fc13ae31defa124e,685e2ba5fc13ae2323fa174e,176,8023.86,1412199.36
685e2c36fc13ae349cfa12b3,685e2b39fc13ae31defa124f,685e2ba4fc13ae2323fa1518,159,4793.29,762133.11
685e2c36fc13ae349cfa12b4,685e2b39fc13ae31defa1250,685e2ba4fc13ae2323fa14b3,19,9145.28,173760.32
685e2c36fc13ae349cfa12b5,685e2b39fc13ae31defa1251,685e2ba4fc13ae2323fa14d9,108,1514.67,163584.36
685e2c36fc13ae349cfa12b6,685e2b39fc13ae31defa1252,685e2ba4fc13ae2323fa1643,71,6435.78,456940.38
685e2c36fc13ae349cfa12b7,685e2b39fc13ae31defa1253,685e2ba4fc13ae2323fa1416,67,9683.69,648807.23
685e2c36fc13ae349cfa12b8,685e2b39fc13ae31defa1254,685e2ba4fc13ae2323fa167e,108,5234.81,565359.48
685e2c36fc13ae349cfa12b9,685e2b39fc13ae31defa1255,685e2ba4fc13ae2323fa16c7,148,2603.76,385356.48
685e2c36fc13ae349cfa12ba,685e2b39fc13ae31defa1256,685e2ba4fc13ae2323fa16af,185,4188.85,774937.25
685e2c36fc13ae349cfa12bb,685e2b39fc13ae31defa1257,685e2ba4fc13ae2323fa13c1,180,1992.54,358657.2
685e2c36fc13ae349cfa12bc,685e2b39fc13ae31defa1258,685e2ba4fc13ae2323fa13b0,77,9651.6,743173.2
685e2c36fc13ae349cfa12bd,685e2b39fc13ae31defa1259,685e2ba5fc13ae2323fa1764,194,1610.79,312493.26
685e2c36fc13ae349cfa12be,685e2b39fc13ae31defa125a,685e2ba4fc13ae2323fa13ec,141,9861.08,1390412.28
685e2c36fc13ae349cfa12bf,685e2b39fc13ae31defa125b,685e2ba5fc13ae2323fa16e7,149,4884.11,727732.39
685e2c36fc13ae349cfa12c0,685e2b39fc13ae31defa125c,685e2ba4fc13ae2323fa1616,40,7470.56,298822.4
685e2c36fc13ae349cfa12c1,685e2b39fc13ae31defa125d,685e2ba4fc13ae2323fa14e7,105,3743.25,393041.25
685e2c36fc13ae349cfa12c2,685e2b39fc13ae31defa125e,685e2ba4fc13ae2323fa13cd,162,8180.1,1325176.2
685e2c36fc13ae349cfa12c3,685e2b39fc13ae31defa125f,685e2ba4fc13ae2323fa1400,82,2388.57,195862.74
685e2c36fc13ae349cfa12c4,685e2b39fc13ae31defa1260,685e2ba4fc13ae2323fa13f0,163,4278.13,697335.19
685e2c36fc13ae349cfa12c5,685e2b39fc13ae31defa1261,685e2ba4fc13ae2323fa15bf,61,3710.52,226341.72
685e2c36fc13ae349cfa12c6,685e2b39fc13ae31defa1262,685e2ba4fc13ae2323fa14b8,44,583.85,25689.4
685e2c36fc13ae349cfa12c7,685e2b39fc13ae31defa1263,685e2ba4fc13ae2323fa155e,174,7987.59,1389840.66
685e2c36fc13ae349cfa12c8,685e2b39fc13ae31defa1264,685e2ba4fc13ae2323fa145b,123,4605.47,566472.81
685e2c36fc13ae349cfa12c9,685e2b39fc13ae31defa1265,685e2ba4fc13ae2323fa1548,125,130.82,16352.5
685e2c36fc13ae349cfa12ca,685e2b39fc13ae31defa1266,685e2ba4fc13ae2323fa14fb,69,7818.07,539446.83
685e2c36fc13ae349cfa12cb,685e2b39fc13ae31defa1267,685e2ba4fc13ae2323fa1475,12,9621.47,115457.64
685e2c36fc13ae349cfa12cc,685e2b39fc13ae31defa1268,685e2ba5fc13ae2323fa1734,193,4362.41,841945.13
685e2c36fc13ae349cfa12cd,685e2b39fc13ae31defa1269,685e2ba5fc13ae2323fa16ed,17,8333.67,141672.39
685e2c36fc13ae349cfa12ce,685e2b39fc13ae31defa126a,685e2ba4fc13ae2323fa14b9,93,1544.62,143649.66
685e2c36fc13ae349cfa12cf,685e2b39fc13ae31defa126b,685e2ba4fc13ae2323fa142c,190,2848.36,541188.4
685e2c36fc13ae349cfa12d0,685e2b39fc13ae31defa126c,685e2ba4fc13ae2323fa13a7,61,6946.62,423743.82
685e2c36fc13ae349cfa12d1,685e2b39fc13ae31defa126d,685e2ba4fc13ae2323fa14ab,150,7541.29,1131193.5
685e2c36fc13ae349cfa12d2,685e2b39fc13ae31defa126e,685e2ba4fc13ae2323fa1488,155,8138.25,1261428.75
685e2c36fc13ae349cfa12d3,685e2b39fc13ae31defa126f,685e2ba4fc13ae2323fa14f9,113,666.66,75332.58
685e2c36fc13ae349cfa12d4,685e2b39fc13ae31defa1270,685e2ba4fc13ae2323fa13b6,117,6499.9,760488.3
685e2c36fc13ae349cfa12d5,685e2b39fc13ae31defa1271,685e2ba4fc13ae2323fa1468,154,4121.3,634680.2
685e2c36fc13ae349cfa12d6,685e2b39fc13ae31defa1272,685e2ba5fc13ae2323fa1724,42,4137.53,173776.26
685e2c36fc13ae349cfa12d7,685e2b39fc13ae31defa1273,685e2ba4fc13ae2323fa142d,86,4592.81,394981.66
685e2c36fc13ae349cfa12d8,685e2b39fc13ae31defa1274,685e2ba4fc13ae2323fa1588,97,128.9,12503.3
685e2c36fc13ae349cfa12d9,685e2b39fc13ae31defa1275,685e2ba5fc13ae2323fa177d,50,9633.12,481656.0
685e2c36fc13ae349cfa12da,685e2b39fc13ae31defa1276,685e2ba4fc13ae2323fa167f,114,8602.25,980656.5
685e2c36fc13ae349cfa12db,685e2b39fc13ae31defa1277,685e2ba4fc13ae2323fa1668,159,8745.06,1390464.54
685e2c36fc13ae349cfa12dc,685e2b39fc13ae31defa1278,685e2ba4fc13ae2323fa13ae,21,3838.57,80609.97
685e2c36fc13ae349cfa12dd,685e2b39fc13ae31defa1279,685e2ba5fc13ae2323fa174c,14,2351.23,32917.22
685e2c36fc13ae349cfa12de,685e2b39fc13ae31defa127a,685e2ba4fc13ae2323fa1671,82,8140.95,667557.9
685e2c36fc13ae349cfa12df,685e2b39fc13ae31defa127b,685e2ba4fc13ae2323fa158b,120,7029.14,843496.8
685e2c36fc13ae349cfa12e0,685e2b39fc13ae31defa127c,685e2ba4fc13ae2323fa14d7,93,4739.68,440790.24
685e2c36fc13ae349cfa12e1,685e2b39fc13ae31defa127d,685e2ba4fc13ae2323fa14f7,86,2221.64,191061.04
685e2c36fc13ae349cfa12e2,685e2b39fc13ae31defa127e,685e2ba4fc13ae2323fa14e2,1,1925.09,1925.09
685e2c36fc13ae349cfa12e3,685e2b39fc13ae31defa127f,685e2ba5fc13ae2323fa1763,10,3314.46,33144.6
685e2c36fc13ae349cfa12e4,685e2b39fc13ae31defa1280,685e2ba5fc13ae2323fa1729,45,598.27,26922.15
685e2c36fc13ae349cfa12e5,685e2b39fc13ae31defa1281,685e2ba4fc13ae2323fa1673,66,370.21,24433.86
685e2c36fc13ae349cfa12e6,685e2b39fc13ae31defa1282,685e2ba4fc13ae2323fa163a,95,9654.3,917158.5
685e2c36fc13ae349cfa12e7,685e2b39fc13ae31defa1283,685e2ba5fc13ae2323fa1736,114,8612.06,981774.84
685e2c36fc13ae349cfa12e8,685e2b39fc13ae31defa1284,685e2ba4fc13ae2323fa15db,104,7697.29,800518.16
685e2c36fc13ae349cfa12e9,685e2b39fc13ae31defa1285,685e2ba4fc13ae2323fa1697,65,4392.11,285487.15
685e2c36fc13ae349cfa12ea,685e2b39fc13ae31defa1286,685e2ba4fc13ae2323fa14fa,167,3045.95,508673.65
685e2c36fc13ae349cfa12eb,685e2b39fc13ae31defa1287,685e2ba5fc13ae2323fa16e9,100,1464.23,146423.0
685e2c36fc13ae349cfa12ec,685e2b39fc13ae31defa1288,685e2ba4fc13ae2323fa168a,154,3366.43,518430.22
685e2c36fc13ae349cfa12ed,685e2b39fc13ae31defa1289,685e2ba4fc13ae2323fa16c6,105,3438.38,361029.9
685e2c36fc13ae349cfa12ee,685e2b39fc13ae31defa128a,685e2ba4fc13ae2323fa1513,71,7534.69,534962.99
685e2c36fc13ae349cfa12ef,685e2b39fc13ae31defa128b,685e2ba4fc13ae2323fa1691,156,6159.03,960808.68
685e2c36fc13ae349cfa12f0,685e2b39fc13ae31defa128c,685e2ba4fc13ae2323fa13b0,138,5510.12,760396.56
685e2c36fc13ae349cfa12f1,685e2b39fc13ae31defa128d,685e2ba5fc13ae2323fa16e3,76,5031.72,382410.72
685e2c36fc13ae349cfa12f2,685e2b39fc13ae31defa128e,685e2ba4fc13ae2323fa1566,126,1733.83,218462.58
685e2c36fc13ae349cfa12f3,685e2b39fc13ae31defa128f,685e2ba4fc13ae2323fa15d4,104,6180.43,642764.72
685e2c36fc13ae349cfa12f4,685e2b39fc13ae31defa1290,685e2ba4fc13ae2323fa14b5,145,7922.25,1148726.25
685e2c36fc13ae349cfa12f5,685e2b39fc13ae31defa1291,685e2ba4fc13ae2323fa153d,61,7412.06,452135.66
685e2c36fc13ae349cfa12f6,685e2b39fc13ae31defa1292,685e2ba4fc13ae2323fa1538,9,9768.45,87916.05
685e2c36fc13ae349cfa12f7,685e2b39fc13ae31defa1293,685e2ba5fc13ae2323fa1773,11,8743.96,96183.56
685e2c36fc13ae349cfa12f8,685e2b39fc13ae31defa1294,685e2ba4fc13ae2323fa16ad,192,6889.12,1322711.04
685e2c36fc13ae349cfa12f9,685e2b39fc13ae31defa1295,685e2ba4fc13ae2323fa1586,28,5276.5,147742.0
685e2c36fc13ae349cfa12fa,685e2b39fc13ae31defa1296,685e2ba5fc13ae2323fa1784,99,7411.67,733755.33
685e2c36fc13ae349cfa12fb,685e2b39fc13ae31defa1297,685e2ba4fc13ae2323fa1467,51,7429.7,378914.7
685e2c36fc13ae349cfa12fc,685e2b39fc13ae31defa1298,685e2ba4fc13ae2323fa144e,80,3289.72,263177.6
685e2c36fc13ae349cfa12fd,685e2b39fc13ae31defa1299,685e2ba5fc13ae2323fa16ef,111,2407.16,267194.76
685e2c36fc13ae349cfa12fe,685e2b39fc13ae31defa129a,685e2ba4fc13ae2323fa1610,192,7406.84,1422113.28
685e2c36fc13ae349cfa12ff,685e2b39fc13ae31defa129b,685e2ba4fc13ae2323fa150a,21,7103.0,149163.0
685e2c36fc13ae349cfa1300,685e2b39fc13ae31defa129c,685e2ba4fc13ae2323fa14ec,153,2717.83,415827.99
685e2c36fc13ae349cfa1301,685e2b39fc13ae31defa129d,685e2ba4fc13ae2323fa166e,131,5745.89,752711.59
685e2c36fc13ae349cfa1302,685e2b39fc13ae31defa129e,685e2ba4fc13ae2323fa1612,44,4147.66,182497.04
685e2c36fc13ae349cfa1303,685e2b39fc13ae31defa129f,685e2ba5fc13ae2323fa16ea,192,7158.34,1374401.28
685e2c36fc13ae349cfa1304,685e2b39fc13ae31defa12a0,685e2ba4fc13ae2323fa1524,92,6715.19,617797.48
685e2c36fc13ae349cfa1305,685e2b39fc13ae31defa12a1,685e2ba4fc13ae2323fa169a,108,3566.29,385159.32
685e2c36fc13ae349cfa1306,685e2b39fc13ae31defa12a2,685e2ba4fc13ae2323fa1423,28,8766.27,245455.56
685e2c36fc13ae349cfa1307,685e2b39fc13ae31defa12a3,685e2ba4fc13ae2323fa16ce,22,789.17,17361.74
685e2c36fc13ae349cfa1308,685e2b39fc13ae31defa12a4,685e2ba4fc13ae2323fa14b0,172,392.39,67491.08
685e2c36fc13ae349cfa1309,685e2b39fc13ae31defa12a5,685e2ba4fc13ae2323fa15b4,34,5872.82,199675.88
685e2c36fc13ae349cfa130a,685e2b39fc13ae31defa12a6,685e2ba5fc13ae2323fa1719,172,1975.14,339724.08
685e2c36fc13ae349cfa130b,685e2b39fc13ae31defa12a7,685e2ba4fc13ae2323fa1449,124,9409.27,1166749.48
685e2c36fc13ae349cfa130c,685e2b39fc13ae31defa12a8,685e2ba4fc13ae2323fa1676,4,7031.1,28124.4
685e2c36fc13ae349cfa130d,685e2b39fc13ae31defa12a9,685e2ba5fc13ae2323fa1742,128,2455.46,314298.88
685e2c36fc13ae349cfa130e,685e2b39fc13ae31defa12aa,685e2ba4fc13ae2323fa13af,38,4201.03,159639.14
685e2c36fc13ae349cfa130f,685e2b39fc13ae31defa12ab,685e2ba4fc13ae2323fa14a6,140,589.43,82520.2
685e2c36fc13ae349cfa1310,685e2b39fc13ae31defa12ac,685e2ba4fc13ae2323fa1434,18,5188.27,93388.86
685e2c36fc13ae349cfa1311,685e2b39fc13ae31defa12ad,685e2ba4fc13ae2323fa15d9,128,1496.05,191494.4
685e2c36fc13ae349cfa1312,685e2b39fc13ae31defa12ae,685e2ba4fc13ae2323fa15b1,162,8666.87,1404032.94
685e2c36fc13ae349cfa1313,685e2b39fc13ae31defa12af,685e2ba4fc13ae2323fa13fe,132,9101.96,1201458.72
685e2c36fc13ae349cfa1314,685e2b39fc13ae31defa12b0,685e2ba4fc13ae2323fa1452,6,4097.18,24583.08
685e2c36fc13ae349cfa1315,685e2b39fc13ae31defa12b1,685e2ba4fc13ae2323fa15f7,160,4048.25,647720.0
685e2c36fc13ae349cfa1316,685e2b39fc13ae31defa12b2,685e2ba4fc13ae2323fa1639,78,7843.37,611782.86
685e2c36fc13ae349cfa1317,685e2b39fc13ae31defa12b3,685e2ba4fc13ae2323fa14d9,41,2630.56,107852.96
685e2c36fc13ae349cfa1318,685e2b39fc13ae31defa12b4,685e2ba5fc13ae2323fa1714,101,333.82,33715.82
685e2c36fc13ae349cfa1319,685e2b39fc13ae31defa12b5,685e2ba4fc13ae2323fa14cb,113,7323.63,827570.19
685e2c36fc13ae349cfa131a,685e2b39fc13ae31defa12b6,685e2ba4fc13ae2323fa13cb,24,3583.08,85993.92
685e2c36fc13ae349cfa131b,685e2b39fc13ae31defa12b7,685e2ba4fc13ae2323fa1579,136,4079.31,554786.16
685e2c36fc13ae349cfa131c,685e2b39fc13ae31defa12b8,685e2ba5fc13ae2323fa1742,139,4943.56,687154.84
685e2c36fc13ae349cfa131d,685e2b39fc13ae31defa12b9,685e2ba4fc13ae2323fa15fb,84,9569.08,803802.72
685e2c36fc13ae349cfa131e,685e2b39fc13ae31defa12ba,685e2ba5fc13ae2323fa1770,57,8209.68,467951.76
685e2c36fc13ae349cfa131f,685e2b39fc13ae31defa12bb,685e2ba5fc13ae2323fa1751,161,9038.16,1455143.76
685e2c36fc13ae349cfa1320,685e2b39fc13ae31defa12bc,685e2ba4fc13ae2323fa1654,42,9736.4,408928.8
685e2c36fc13ae349cfa1321,685e2b39fc13ae31defa12bd,685e2ba4fc13ae2323fa13da,128,981.79,125669.12
685e2c36fc13ae349cfa1322,685e2b39fc13ae31defa12be,685e2ba4fc13ae2323fa146e,75,3246.57,243492.75
685e2c36fc13ae349cfa1323,685e2b39fc13ae31defa12bf,685e2ba4fc13ae2323fa14d9,114,6032.85,687744.9
685e2c36fc13ae349cfa1324,685e2b39fc13ae31defa12c0,685e2ba4fc13ae2323fa1652,184,7631.92,1404273.28
685e2c36fc13ae349cfa1325,685e2b39fc13ae31defa12c1,685e2ba4fc13ae2323fa13b1,29,2757.15,79957.35
685e2c36fc13ae349cfa1326,685e2b39fc13ae31defa12c2,685e2ba5fc13ae2323fa1760,5,4226.73,21133.65
685e2c36fc13ae349cfa1327,685e2b39fc13ae31defa12c3,685e2ba4fc13ae2323fa1529,10,6188.19,61881.9
685e2c36fc13ae349cfa1328,685e2b39fc13ae31defa12c4,685e2ba4fc13ae2323fa153e,50,2161.05,108052.5
685e2c36fc13ae349cfa1329,685e2b39fc13ae31defa12c5,685e2ba4fc13ae2323fa1490,115,8657.48,995610.2
685e2c36fc13ae349cfa132a,685e2b39fc13ae31defa12c6,685e2ba4fc13ae2323fa158b,20,4694.69,93893.8
685e2c36fc13ae349cfa132b,685e2b39fc13ae31defa12c7,685e2ba4fc13ae2323fa15b9,72,3078.42,221646.24
685e2c36fc13ae349cfa132c,685e2b39fc13ae31defa12c8,685e2ba4fc13ae2323fa16d9,136,8469.31,1151826.16
685e2c36fc13ae349cfa132d,685e2b39fc13ae31defa12c9,685e2ba5fc13ae2323fa1736,130,5068.46,658899.8
685e2c36fc13ae349cfa132e,685e2b39fc13ae31defa12ca,685e2ba5fc13ae2323fa16e1,66,47.48,3133.68
685e2c36fc13ae349cfa132f,685e2b39fc13ae31defa12cb,685e2ba4fc13ae2323fa1583,144,9419.44,1356399.36
685e2c36fc13ae349cfa1330,685e2b39fc13ae31defa12cc,685e2ba4fc13ae2323fa14c2,166,7022.54,1165741.64
685e2c36fc13ae349cfa1331,685e2b39fc13ae31defa12cd,685e2ba4fc13ae2323fa13e8,46,8140.42,374459.32
685e2c36fc13ae349cfa1332,685e2b39fc13ae31defa12ce,685e2ba4fc13ae2323fa15c4,144,1445.14,208100.16
685e2c36fc13ae349cfa1333,685e2b39fc13ae31defa12cf,685e2ba4fc13ae2323fa1599,14,8577.66,120087.24
685e2c36fc13ae349cfa1334,685e2b39fc13ae31defa12d0,685e2ba4fc13ae2323fa1684,167,3581.55,598118.85
685e2c36fc13ae349cfa1335,685e2b39fc13ae31defa12d1,685e2ba5fc13ae2323fa177b,135,9914.49,1338456.15
685e2c36fc13ae349cfa1336,685e2b39fc13ae31defa12d2,685e2ba4fc13ae2323fa13ba,176,7563.21,1331124.96
685e2c36fc13ae349cfa1337,685e2b39fc13ae31defa12d3,685e2ba4fc13ae2323fa153f,170,8581.64,1458878.8
685e2c36fc13ae349cfa1338,685e2b39fc13ae31defa12d4,685e2ba4fc13ae2323fa14d0,5,1331.75,6658.75
685e2c36fc13ae349cfa1339,685e2b39fc13ae31defa12d5,685e2ba4fc13ae2323fa1587,152,125.28,19042.56
685e2c36fc13ae349cfa133a,685e2b39fc13ae31defa12d6,685e2ba4fc13ae2323fa14dc,190,3758.32,714080.8
685e2c36fc13ae349cfa133b,685e2b39fc13ae31defa12d7,685e2ba4fc13ae2323fa1500,1,1246.7,1246.7
685e2c36fc13ae349cfa133c,685e2b39fc13ae31defa12d8,685e2ba4fc13ae2323fa157f,131,4529.82,593406.42
685e2c36fc13ae349cfa133d,685e2b39fc13ae31defa12d9,685e2ba4fc13ae2323fa1455,133,3405.51,452932.83
685e2c36fc13ae349cfa133e,685e2b39fc13ae31defa12da,685e2ba4fc13ae2323fa13b9,52,3430.96,178409.92
685e2c36fc13ae349cfa133f,685e2b39fc13ae31defa12db,685e2ba4fc13ae2323fa14a6,121,583.82,70642.22
685e2c36fc13ae349cfa1340,685e2b39fc13ae31defa12dc,685e2ba4fc13ae2323fa1612,92,4669.86,429627.12
685e2c36fc13ae349cfa1341,685e2b39fc13ae31defa12dd,685e2ba4fc13ae2323fa141a,18,9201.5,165627.0
685e2c37fc13ae349cfa1342,685e2b39fc13ae31defa12de,685e2ba4fc13ae2323fa13f9,86,7552.1,649480.6
685e2c37fc13ae349cfa1343,685e2b39fc13ae31defa12df,685e2ba4fc13ae2323fa1467,186,325.16,60479.76
685e2c37fc13ae349cfa1344,685e2b39fc13ae31defa12e0,685e2ba4fc13ae2323fa13cb,83,1073.8,89125.4
685e2c37fc13ae349cfa1345,685e2b39fc13ae31defa12e1,685e2ba4fc13ae2323fa15c5,10,763.44,7634.4
685e2c37fc13ae349cfa1346,685e2b39fc13ae31defa12e2,685e2ba4fc13ae2323fa1419,168,5185.16,871106.88
685e2c37fc13ae349cfa1347,685e2b39fc13ae31defa12e3,685e2ba4fc13ae2323fa1678,126,7748.51,976312.26
685e2c37fc13ae349cfa1348,685e2b39fc13ae31defa12e4,685e2ba4fc13ae2323fa1429,27,9878.93,266731.11
685e2c37fc13ae349cfa1349,685e2b39fc13ae31defa12e5,685e2ba5fc13ae2323fa171e,40,224.99,8999.6
685e2c37fc13ae349cfa134a,685e2b39fc13ae31defa12e6,685e2ba4fc13ae2323fa1546,109,4719.59,514435.31
685e2c37fc13ae349cfa134b,685e2b39fc13ae31defa12e7,685e2ba4fc13ae2323fa1561,147,5207.4,765487.8
685e2c37fc13ae349cfa134c,685e2b39fc13ae31defa12e8,685e2ba4fc13ae2323fa165b,80,5553.02,444241.6
685e2c37fc13ae349cfa134d,685e2b39fc13ae31defa12e9,685e2ba4fc13ae2323fa14b7,56,5831.45,326561.2
685e2c37fc13ae349cfa134e,685e2b39fc13ae31defa12ea,685e2ba4fc13ae2323fa13d3,93,1730.66,160951.38
685e2c37fc13ae349cfa134f,685e2b39fc13ae31defa12eb,685e2ba5fc13ae2323fa174b,155,552.78,85680.9
685e2c37fc13ae349cfa1350,685e2b39fc13ae31defa12ec,685e2ba4fc13ae2323fa13e2,136,2529.27,343980.72
685e2c37fc13ae349cfa1351,685e2b39fc13ae31defa12ed,685e2ba5fc13ae2323fa1758,85,3768.42,320315.7
685e2c37fc13ae349cfa1352,685e2b39fc13ae31defa12ee,685e2ba5fc13ae2323fa1770,126,9661.02,1217288.52
685e2c37fc13ae349cfa1353,685e2b39fc13ae31defa12ef,685e2ba4fc13ae2323fa1544,177,7940.91,1405541.07
685e2c37fc13ae349cfa1354,685e2b39fc13ae31defa12f0,685e2ba4fc13ae2323fa1601,79,4301.61,339827.19
685e2c37fc13ae349cfa1355,685e2b39fc13ae31defa12f1,685e2ba4fc13ae2323fa159a,4,3699.04,14796.16
685e2c37fc13ae349cfa1356,685e2b39fc13ae31defa12f2,685e2ba5fc13ae2323fa1774,185,2406.48,445198.8
685e2c37fc13ae349cfa1357,685e2b39fc13ae31defa12f3,685e2ba4fc13ae2323fa1515,193,7034.03,1357567.79
685e2c37fc13ae349cfa1358,685e2b39fc13ae31defa12f4,685e2ba4fc13ae2323fa1468,164,6456.26,1058826.64
685e2c37fc13ae349cfa1359,685e2b39fc13ae31defa12f5,685e2ba4fc13ae2323fa147a,43,8432.28,362588.04
685e2c37fc13ae349cfa135a,685e2b39fc13ae31defa12f6,685e2ba4fc13ae2323fa14d5,74,395.74,29284.76
685e2c37fc13ae349cfa135b,685e2b39fc13ae31defa12f7,685e2ba5fc13ae2323fa16e7,165,9923.38,1637357.7
685e2c37fc13ae349cfa135c,685e2b39fc13ae31defa12f8,685e2ba4fc13ae2323fa1479,146,7706.95,1125214.7
685e2c37fc13ae349cfa135d,685e2b39fc13ae31defa12f9,685e2ba4fc13ae2323fa14fe,54,919.2,49636.8
685e2c37fc13ae349cfa135e,685e2b39fc13ae31defa12fa,685e2ba4fc13ae2323fa15d2,9,4184.54,37660.86
685e2c37fc13ae349cfa135f,685e2b39fc13ae31defa12fb,685e2ba4fc13ae2323fa13de,23,8574.13,197204.99
685e2c37fc13ae349cfa1360,685e2b39fc13ae31defa12fc,685e2ba4fc13ae2323fa13d4,128,7547.69,966104.32
685e2c37fc13ae349cfa1361,685e2b39fc13ae31defa12fd,685e2ba5fc13ae2323fa16e7,194,6009.8,1165901.2
685e2c37fc13ae349cfa1362,685e2b39fc13ae31defa12fe,685e2ba4fc13ae2323fa16d7,100,1937.1,193710.0
685e2c37fc13ae349cfa1363,685e2b39fc13ae31defa12ff,685e2ba5fc13ae2323fa1733,47,7294.52,342842.44
685e2c37fc13ae349cfa1364,685e2b39fc13ae31defa1300,685e2ba4fc13ae2323fa16a4,148,5884.56,870914.88
685e2c37fc13ae349cfa1365,685e2b39fc13ae31defa1301,685e2ba4fc13ae2323fa13c9,143,4285.78,612866.54
685e2c37fc13ae349cfa1366,685e2b39fc13ae31defa1302,685e2ba4fc13ae2323fa1616,168,3493.84,586965.12
685e2c37fc13ae349cfa1367,685e2b39fc13ae31defa1303,685e2ba4fc13ae2323fa1678,81,3670.23,297288.63
685e2c37fc13ae349cfa1368,685e2b39fc13ae31defa1304,685e2ba4fc13ae2323fa13d8,152,5408.86,822146.72
685e2c37fc13ae349cfa1369,685e2b39fc13ae31defa1305,685e2ba4fc13ae2323fa15bf,130,153.76,19988.8
685e2c37fc13ae349cfa136a,685e2b39fc13ae31defa1306,685e2ba5fc13ae2323fa176f,152,630.72,95869.44
685e2c37fc13ae349cfa136b,685e2b39fc13ae31defa1307,685e2ba4fc13ae2323fa13f5,48,5721.83,274647.84
685e2c37fc13ae349cfa136c,685e2b39fc13ae31defa1308,685e2ba5fc13ae2323fa1725,162,6772.54,1097151.48
685e2c37fc13ae349cfa136d,685e2b39fc13ae31defa1309,685e2ba4fc13ae2323fa159e,162,9689.96,1569773.52
685e2c37fc13ae349cfa136e,685e2b39fc13ae31defa130a,685e2ba4fc13ae2323fa1489,142,1446.08,205343.36
685e2c37fc13ae349cfa136f,685e2b39fc13ae31defa130b,685e2ba4fc13ae2323fa1406,185,3552.27,657169.95
685e2c37fc13ae349cfa1370,685e2b39fc13ae31defa130c,685e2ba4fc13ae2323fa1680,176,8611.81,1515678.56
685e2c37fc13ae349cfa1371,685e2b39fc13ae31defa130d,685e2ba4fc13ae2323fa1542,62,1711.5,106113.0
685e2c37fc13ae349cfa1372,685e2b39fc13ae31defa130e,685e2ba4fc13ae2323fa15d0,13,1218.84,15844.92
685e2c37fc13ae349cfa1373,685e2b39fc13ae31defa130f,685e2ba4fc13ae2323fa1679,109,3400.79,370686.11
685e2c37fc13ae349cfa1374,685e2b39fc13ae31defa1310,685e2ba4fc13ae2323fa1454,11,4948.73,54436.03
685e2c37fc13ae349cfa1375,685e2b39fc13ae31defa1311,685e2ba4fc13ae2323fa16de,6,807.68,4846.08
685e2c37fc13ae349cfa1376,685e2b39fc13ae31defa1312,685e2ba5fc13ae2323fa175a,114,8156.41,929830.74
685e2c37fc13ae349cfa1377,685e2b39fc13ae31defa1313,685e2ba4fc13ae2323fa13f0,24,8777.67,210664.08
685e2c37fc13ae349cfa1378,685e2b39fc13ae31defa1314,685e2ba4fc13ae2323fa1460,89,1161.57,103379.73
685e2c37fc13ae349cfa1379,685e2b39fc13ae31defa1315,685e2ba4fc13ae2323fa13e7,101,6054.19,611473.19
685e2c37fc13ae349cfa137a,685e2b39fc13ae31defa1316,685e2ba4fc13ae2323fa1635,33,710.03,23430.99
685e2c37fc13ae349cfa137b,685e2b39fc13ae31defa1317,685e2ba4fc13ae2323fa16bd,78,1481.22,115535.16
685e2c37fc13ae349cfa137c,685e2b39fc13ae31defa1318,685e2ba5fc13ae2323fa1782,1,8118.42,8118.42
685e2c37fc13ae349cfa137d,685e2b39fc13ae31defa1319,685e2ba4fc13ae2323fa15f8,104,5907.59,614389.36
685e2c37fc13ae349cfa137e,685e2b39fc13ae31defa131a,685e2ba5fc13ae2323fa1729,77,4201.28,323498.56
685e2c37fc13ae349cfa137f,685e2b39fc13ae31defa131b,685e2ba4fc13ae2323fa1544,12,2456.22,29474.64
685e2c37fc13ae349cfa1380,685e2b39fc13ae31defa131c,685e2ba4fc13ae2323fa16c0,179,3806.08,681288.32
685e2c37fc13ae349cfa1381,685e2b39fc13ae31defa131d,685e2ba4fc13ae2323fa15a1,142,1979.9,281145.8
685e2c37fc13ae349cfa1382,685e2b39fc13ae31defa131e,685e2ba4fc13ae2323fa164c,56,205.63,11515.28
685e2c37fc13ae349cfa1383,685e2b39fc13ae31defa131f,685e2ba4fc13ae2323fa13c1,162,516.14,83614.68
685e2c38fc13ae349cfa1384,685e2b39fc13ae31defa1320,685e2ba4fc13ae2323fa14d0,167,5898.18,984996.06
685e2c38fc13ae349cfa1385,685e2b39fc13ae31defa1321,685e2ba4fc13ae2323fa153c,10,3885.34,38853.4
685e2c38fc13ae349cfa1386,685e2b39fc13ae31defa1322,685e2ba4fc13ae2323fa153e,45,8983.41,404253.45
685e2c38fc13ae349cfa1387,685e2b39fc13ae31defa1323,685e2ba4fc13ae2323fa1473,166,9964.31,1654075.46
685e2c38fc13ae349cfa1388,685e2b39fc13ae31defa1324,685e2ba4fc13ae2323fa1410,129,8236.33,1062486.57
685e2c38fc13ae349cfa1389,685e2b39fc13ae31defa1325,685e2ba4fc13ae2323fa16cc,133,1034.01,137523.33
685e2c38fc13ae349cfa138a,685e2b39fc13ae31defa1326,685e2ba4fc13ae2323fa13c7,23,6984.97,160654.31
685e2c38fc13ae349cfa138b,685e2b39fc13ae31defa1327,685e2ba4fc13ae2323fa141b,166,5549.14,921157.24
685e2c38fc13ae349cfa138c,685e2b3afc13ae31defa1328,685e2ba4fc13ae2323fa1453,200,5330.25,1066050.0
685e2c38fc13ae349cfa138d,685e2b3afc13ae31defa1329,685e2ba4fc13ae2323fa1434,170,5019.93,853388.1
685e2c38fc13ae349cfa138e,685e2b3afc13ae31defa132a,685e2ba4fc13ae2323fa1464,100,6781.21,678121.0
685e2c38fc13ae349cfa138f,685e2b3afc13ae31defa132b,685e2ba4fc13ae2323fa15d3,140,7286.15,1020061.0
685e2c38fc13ae349cfa1390,685e2b3afc13ae31defa132c,685e2ba4fc13ae2323fa1585,200,3310.62,662124.0
685e2c38fc13ae349cfa1391,685e2b3afc13ae31defa132d,685e2ba4fc13ae2323fa16bf,14,8736.35,122308.9
685e2c38fc13ae349cfa1392,685e2b3afc13ae31defa132e,685e2ba4fc13ae2323fa1569,91,6136.99,558466.09
685e2c38fc13ae349cfa1393,685e2b3afc13ae31defa132f,685e2ba4fc13ae2323fa147d,115,166.25,19118.75
685e2c38fc13ae349cfa1394,685e2b3afc13ae31defa1330,685e2ba5fc13ae2323fa16e6,67,3719.89,249232.63
685e2c38fc13ae349cfa1395,685e2b3afc13ae31defa1331,685e2ba4fc13ae2323fa16c0,176,9618.91,1692928.16
685e2c38fc13ae349cfa1396,685e2b3afc13ae31defa1332,685e2ba4fc13ae2323fa14da,99,5359.82,530622.18
685e2c38fc13ae349cfa1397,685e2b3afc13ae31defa1333,685e2ba4fc13ae2323fa15fa,191,3386.88,646894.08
685e2c38fc13ae349cfa1398,685e2b3afc13ae31defa1334,685e2ba4fc13ae2323fa14bc,108,4518.2,487965.6
685e2c38fc13ae349cfa1399,685e2b3afc13ae31defa1335,685e2ba4fc13ae2323fa15f3,123,5619.55,691204.65
685e2c38fc13ae349cfa139a,685e2b3afc13ae31defa1336,685e2ba4fc13ae2323fa1487,92,6423.7,590980.4
685e2c38fc13ae349cfa139b,685e2b3afc13ae31defa1337,685e2ba4fc13ae2323fa165c,195,8368.98,1631951.1
685e2c38fc13ae349cfa139c,685e2b3afc13ae31defa1338,685e2ba4fc13ae2323fa15ca,186,6715.43,1249069.98
685e2c38fc13ae349cfa139d,685e2b3afc13ae31defa1339,685e2ba4fc13ae2323fa1407,100,9978.38,997838.0
685e2c38fc13ae349cfa139e,685e2b3afc13ae31defa133a,685e2ba4fc13ae2323fa13dd,101,6869.85,693854.85
685e2c38fc13ae349cfa139f,685e2b3afc13ae31defa133b,685e2ba4fc13ae2323fa155d,12,3948.24,47378.88
685e2c38fc13ae349cfa13a0,685e2b3afc13ae31defa133c,685e2ba4fc13ae2323fa155f,97,7150.35,693583.95
685e2c38fc13ae349cfa13a1,685e2b3afc13ae31defa133d,685e2ba5fc13ae2323fa1775,96,6076.03,583298.88
685e2c38fc13ae349cfa13a2,685e2b3afc13ae31defa133e,685e2ba5fc13ae2323fa175a,169,9300.07,1571711.83
685e2c38fc13ae349cfa13a3,685e2b3afc13ae31defa133f,685e2ba4fc13ae2323fa1563,123,3998.46,491810.58
685e2c38fc13ae349cfa13a4,685e2b3afc13ae31defa1340,685e2ba4fc13ae2323fa141e,137,2591.51,355036.87
685e2c38fc13ae349cfa13a5,685e2b3afc13ae31defa1341,685e2ba4fc13ae2323fa15d4,46,921.35,42382.1
685e2c38fc13ae349cfa13a6,685e2b3afc13ae31defa1342,685e2ba5fc13ae2323fa16e8,170,7554.82,1284319.4
685e2c38fc13ae349cfa13a7,685e2b3afc13ae31defa1343,685e2ba4fc13ae2323fa1699,153,2125.03,325129.59
685e2c38fc13ae349cfa13a8,685e2b3afc13ae31defa1344,685e2ba4fc13ae2323fa13fd,47,4655.14,218791.58
685e2c38fc13ae349cfa13a9,685e2b3afc13ae31defa1345,685e2ba4fc13ae2323fa1607,32,4152.32,132874.24
685e2c38fc13ae349cfa13aa,685e2b3afc13ae31defa1346,685e2ba4fc13ae2323fa14f9,96,5834.25,560088.0
685e2c38fc13ae349cfa13ab,685e2b3afc13ae31defa1347,685e2ba4fc13ae2323fa15bc,28,4854.35,135921.8
685e2c38fc13ae349cfa13ac,685e2b3afc13ae31defa1348,685e2ba4fc13ae2323fa1521,86,768.53,66093.58
685e2c38fc13ae349cfa13ad,685e2b3afc13ae31defa1349,685e2ba4fc13ae2323fa16a0,142,3988.23,566328.66
685e2c38fc13ae349cfa13ae,685e2b3afc13ae31defa134a,685e2ba5fc13ae2323fa173b,167,5565.32,929408.44
685e2c38fc13ae349cfa13af,685e2b3afc13ae31defa134b,685e2ba4fc13ae2323fa1504,199,2405.99,478792.01
685e2c38fc13ae349cfa13b0,685e2b3afc13ae31defa134c,685e2ba5fc13ae2323fa1774,137,5395.94,739243.78
685e2c38fc13ae349cfa13b1,685e2b3afc13ae31defa134d,685e2ba4fc13ae2323fa1613,130,5339.09,694081.7
685e2c38fc13ae349cfa13b2,685e2b3afc13ae31defa134e,685e2ba4fc13ae2323fa1552,32,3899.92,124797.44
685e2c38fc13ae349cfa13b3,685e2b3afc13ae31defa134f,685e2ba4fc13ae2323fa16ca,59,7156.23,422217.57
685e2c38fc13ae349cfa13b4,685e2b3afc13ae31defa1350,685e2ba4fc13ae2323fa167b,137,9595.31,1314557.47
685e2c38fc13ae349cfa13b5,685e2b3afc13ae31defa1351,685e2ba4fc13ae2323fa143a,133,5519.43,734084.19
685e2c38fc13ae349cfa13b6,685e2b3afc13ae31defa1352,685e2ba4fc13ae2323fa14cd,122,6750.81,823598.82
685e2c38fc13ae349cfa13b7,685e2b3afc13ae31defa1353,685e2ba4fc13ae2323fa15f8,111,3580.73,397461.03
685e2c38fc13ae349cfa13b8,685e2b3afc13ae31defa1354,685e2ba5fc13ae2323fa16e3,24,2494.66,59871.84
685e2c38fc13ae349cfa13b9,685e2b3afc13ae31defa1355,685e2ba4fc13ae2323fa140f,106,997.73,105759.38
685e2c38fc13ae349cfa13ba,685e2b3afc13ae31defa1356,685e2ba4fc13ae2323fa167c,46,9032.46,415493.16
685e2c38fc13ae349cfa13bb,685e2b3afc13ae31defa1357,685e2ba4fc13ae2323fa14b5,116,6900.95,800510.2
685e2c38fc13ae349cfa13bc,685e2b3afc13ae31defa1358,685e2ba4fc13ae2323fa15eb,93,9580.59,890994.87
685e2c38fc13ae349cfa13bd,685e2b3afc13ae31defa1359,685e2ba4fc13ae2323fa15ec,128,6573.21,841370.88
685e2c38fc13ae349cfa13be,685e2b3afc13ae31defa135a,685e2ba4fc13ae2323fa1618,169,127.62,21567.78
685e2c38fc13ae349cfa13bf,685e2b3afc13ae31defa135b,685e2ba4fc13ae2323fa1658,45,5517.47,248286.15
685e2c38fc13ae349cfa13c0,685e2b3afc13ae31defa135c,685e2ba4fc13ae2323fa1650,121,7298.84,883159.64
685e2c38fc13ae349cfa13c1,685e2b3afc13ae31defa135d,685e2ba4fc13ae2323fa166a,172,9089.15,1563333.8
685e2c38fc13ae349cfa13c2,685e2b3afc13ae31defa135e,685e2ba4fc13ae2323fa14f7,125,4658.38,582297.5
685e2c38fc13ae349cfa13c3,685e2b3afc13ae31defa135f,685e2ba4fc13ae2323fa158c,47,4110.3,193184.1
685e2c38fc13ae349cfa13c4,685e2b3afc13ae31defa1360,685e2ba5fc13ae2323fa1747,76,4066.61,309062.36
685e2c38fc13ae349cfa13c5,685e2b3afc13ae31defa1361,685e2ba4fc13ae2323fa1515,36,6436.52,231714.72
685e2c38fc13ae349cfa13c6,685e2b3afc13ae31defa1362,685e2ba4fc13ae2323fa143c,136,2338.82,318079.52
685e2c38fc13ae349cfa13c7,685e2b3afc13ae31defa1363,685e2ba4fc13ae2323fa1687,46,3877.14,178348.44
685e2c38fc13ae349cfa13c8,685e2b3afc13ae31defa1364,685e2ba4fc13ae2323fa15ec,11,5233.75,57571.25
685e2c38fc13ae349cfa13c9,685e2b3afc13ae31defa1365,685e2ba5fc13ae2323fa16f7,85,44.81,3808.85
685e2c38fc13ae349cfa13ca,685e2b3afc13ae31defa1366,685e2ba4fc13ae2323fa1568,96,5220.7,501187.2
685e2c38fc13ae349cfa13cb,685e2b3afc13ae31defa1367,685e2ba4fc13ae2323fa1419,24,2345.72,56297.28
685e2c38fc13ae349cfa13cc,685e2b3afc13ae31defa1368,685e2ba4fc13ae2323fa157e,55,9629.97,529648.35
685e2c38fc13ae349cfa13cd,685e2b3afc13ae31defa1369,685e2ba4fc13ae2323fa13c6,149,6446.15,960476.35
685e2c38fc13ae349cfa13ce,685e2b3afc13ae31defa136a,685e2ba4fc13ae2323fa1452,1,3306.9,3306.9
685e2c38fc13ae349cfa13cf,685e2b3afc13ae31defa136b,685e2ba4fc13ae2323fa13c2,188,3439.5,646626.0
685e2c38fc13ae349cfa13d0,685e2b3afc13ae31defa136c,685e2ba4fc13ae2323fa160d,150,7554.27,1133140.5
685e2c38fc13ae349cfa13d1,685e2b3afc13ae31defa136d,685e2ba5fc13ae2323fa1712,191,3089.05,590008.55
685e2c38fc13ae349cfa13d2,685e2b3afc13ae31defa136e,685e2ba4fc13ae2323fa156c,176,1181.96,208024.96
685e2c38fc13ae349cfa13d3,685e2b3afc13ae31defa136f,685e2ba4fc13ae2323fa15df,132,1731.94,228616.08
685e2c38fc13ae349cfa13d4,685e2b3afc13ae31defa1370,685e2ba4fc13ae2323fa14c4,191,5660.59,1081172.69
685e2c38fc13ae349cfa13d5,685e2b3afc13ae31defa1371,685e2ba4fc13ae2323fa1454,45,2745.85,123563.25
685e2c38fc13ae349cfa13d6,685e2b3afc13ae31defa1372,685e2ba4fc13ae2323fa1550,177,7599.13,1345046.01
685e2c38fc13ae349cfa13d7,685e2b3afc13ae31defa1373,685e2ba4fc13ae2323fa14ba,167,6277.44,1048332.48
685e2c38fc13ae349cfa13d8,685e2b3afc13ae31defa1374,685e2ba4fc13ae2323fa16ac,95,7350.72,698318.4
685e2c38fc13ae349cfa13d9,685e2b3afc13ae31defa1375,685e2ba4fc13ae2323fa16bb,65,4168.54,270955.1
685e2c38fc13ae349cfa13da,685e2b3afc13ae31defa1376,685e2ba4fc13ae2323fa1422,80,9680.79,774463.2
685e2c38fc13ae349cfa13db,685e2b3afc13ae31defa1377,685e2ba5fc13ae2323fa1740,152,5571.96,846937.92
685e2c38fc13ae349cfa13dc,685e2b3afc13ae31defa1378,685e2ba4fc13ae2323fa146f,125,3113.2,389150.0
685e2c38fc13ae349cfa13dd,685e2b3afc13ae31defa1379,685e2ba4fc13ae2323fa154d,178,2213.91,394075.98
685e2c38fc13ae349cfa13de,685e2b3afc13ae31defa137a,685e2ba4fc13ae2323fa1446,170,3205.99,545018.3
685e2c38fc13ae349cfa13df,685e2b3afc13ae31defa137b,685e2ba5fc13ae2323fa1701,14,1389.46,19452.44
685e2c39fc13ae349cfa13e0,685e2b3afc13ae31defa137c,685e2ba4fc13ae2323fa1468,105,9355.99,982378.95
685e2c39fc13ae349cfa13e1,685e2b3afc13ae31defa137d,685e2ba5fc13ae2323fa1709,46,6207.97,285566.62
685e2c39fc13ae349cfa13e2,685e2b3afc13ae31defa137e,685e2ba4fc13ae2323fa1678,183,8968.75,1641281.25
685e2c39fc13ae349cfa13e3,685e2b3afc13ae31defa137f,685e2ba4fc13ae2323fa14b8,164,9163.7,1502846.8
685e2c39fc13ae349cfa13e4,685e2b3afc13ae31defa1380,685e2ba4fc13ae2323fa15ae,5,6366.98,31834.9
685e2c39fc13ae349cfa13e5,685e2b3afc13ae31defa1381,685e2ba4fc13ae2323fa1543,92,5284.41,486165.72
685e2c39fc13ae349cfa13e6,685e2b3afc13ae31defa1382,685e2ba4fc13ae2323fa1457,71,9974.09,708160.39
685e2c39fc13ae349cfa13e7,685e2b3afc13ae31defa1383,685e2ba4fc13ae2323fa16b8,90,6387.39,574865.1
685e2c39fc13ae349cfa13e8,685e2b3afc13ae31defa1384,685e2ba4fc13ae2323fa1550,187,4802.97,898155.39
685e2c39fc13ae349cfa13e9,685e2b3afc13ae31defa1385,685e2ba4fc13ae2323fa1464,133,8856.77,1177950.41
685e2c39fc13ae349cfa13ea,685e2b3afc13ae31defa1386,685e2ba4fc13ae2323fa1502,125,4927.38,615922.5
685e2c39fc13ae349cfa13eb,685e2b3afc13ae31defa1387,685e2ba5fc13ae2323fa16f6,192,2341.05,449481.6
685e2c39fc13ae349cfa13ec,685e2b3afc13ae31defa1388,685e2ba4fc13ae2323fa165e,198,9968.52,1973766.96
685e2c39fc13ae349cfa13ed,685e2b3afc13ae31defa1389,685e2ba4fc13ae2323fa163a,9,6815.88,61342.92
685e2c39fc13ae349cfa13ee,685e2b3afc13ae31defa138a,685e2ba4fc13ae2323fa15bf,32,8647.82,276730.24
685e2c39fc13ae349cfa13ef,685e2b3afc13ae31defa138b,685e2ba4fc13ae2323fa14aa,49,2775.18,135983.82
685e2c39fc13ae349cfa13f0,685e2b3afc13ae31defa138c,685e2ba5fc13ae2323fa16ed,71,2469.36,175324.56
685e2c39fc13ae349cfa13f1,685e2b3afc13ae31defa138d,685e2ba4fc13ae2323fa14e8,190,7564.62,1437277.8
685e2c39fc13ae349cfa13f2,685e2b3afc13ae31defa138e,685e2ba5fc13ae2323fa16f4,99,8999.02,890902.98
685e2c39fc13ae349cfa13f3,685e2b3afc13ae31defa138f,685e2ba4fc13ae2323fa158a,9,985.15,8866.35
685e2c39fc13ae349cfa13f4,685e2b3afc13ae31defa1390,685e2ba4fc13ae2323fa15a7,41,9444.73,387233.93
685e2c39fc13ae349cfa13f5,685e2b3afc13ae31defa1391,685e2ba4fc13ae2323fa13f8,113,7797.17,881080.21
685e2c39fc13ae349cfa13f6,685e2b3afc13ae31defa1392,685e2ba4fc13ae2323fa162f,1,5519.63,5519.63
685e2c39fc13ae349cfa13f7,685e2b3afc13ae31defa1393,685e2ba5fc13ae2323fa1778,83,4940.86,410091.38
685e2c39fc13ae349cfa13f8,685e2b3afc13ae31defa1394,685e2ba4fc13ae2323fa1582,115,421.88,48516.2
685e2c39fc13ae349cfa13f9,685e2b3afc13ae31defa1395,685e2ba5fc13ae2323fa1719,100,3470.67,347067.0
685e2c39fc13ae349cfa13fa,685e2b3afc13ae31defa1396,685e2ba4fc13ae2323fa13f6,5,2471.43,12357.15
685e2c39fc13ae349cfa13fb,685e2b3afc13ae31defa1397,685e2ba4fc13ae2323fa14c2,26,6028.97,156753.22
685e2c39fc13ae349cfa13fc,685e2b3afc13ae31defa1398,685e2ba4fc13ae2323fa1495,27,3035.63,81962.01
685e2c39fc13ae349cfa13fd,685e2b3afc13ae31defa1399,685e2ba4fc13ae2323fa1517,157,6562.85,1030367.45
685e2c39fc13ae349cfa13fe,685e2b3afc13ae31defa139a,685e2ba4fc13ae2323fa1428,194,1738.62,337292.28
685e2c39fc13ae349cfa13ff,685e2b3afc13ae31defa139b,685e2ba4fc13ae2323fa14c5,3,6769.57,20308.71
685e2c39fc13ae349cfa1400,685e2b3afc13ae31defa139c,685e2ba4fc13ae2323fa14e2,35,7526.08,263412.8
685e2c39fc13ae349cfa1401,685e2b3afc13ae31defa139d,685e2ba4fc13ae2323fa168b,133,6454.19,858407.27
685e2c39fc13ae349cfa1402,685e2b3afc13ae31defa139e,685e2ba4fc13ae2323fa16ab,154,8423.28,1297185.12
685e2c39fc13ae349cfa1403,685e2b3afc13ae31defa139f,685e2ba4fc13ae2323fa1633,8,7919.22,63353.76
685e2c39fc13ae349cfa1404,685e2b3afc13ae31defa13a0,685e2ba5fc13ae2323fa1736,11,6427.39,70701.29
685e2c39fc13ae349cfa1405,685e2b3afc13ae31defa13a1,685e2ba4fc13ae2323fa16dd,164,8970.58,1471175.12
685e2c39fc13ae349cfa1406,685e2b3afc13ae31defa13a2,685e2ba4fc13ae2323fa13b8,105,8260.16,867316.8
685e2c39fc13ae349cfa1407,685e2b3afc13ae31defa13a3,685e2ba4fc13ae2323fa1639,134,6921.26,927448.84
685e2c39fc13ae349cfa1408,685e2b3afc13ae31defa13a4,685e2ba4fc13ae2323fa13e7,165,6248.65,1031027.25
